<?xml version="1.0" encoding="UTF-8" standalone="no"?>
<!DOCTYPE parses SYSTEM "tulipa-parses.dtd,xml">
<parses sentence="أمَنَ ال مُدَرِّبُ بِ ال لَّاعِبِ كَ صَانِع لِ أَلعَابِ ال فَرِيق">
  <parse>
    <derivationTree>
      <tree id="DiTransitifActif_707--أمَنَ1--167">
        <tree id="NomCommun_10--مُدَرِّبُ3--1" node="1.2.1" op="subst">
          <tree id="ProcEnc_0--ال2--0" node="1" op="subst"/>
        </tree>
        <tree id="NomCommun_10--لَّاعِبِ6--1" node="1.3.1.2" op="subst">
          <tree id="ProcEnc_0--ال5--0" node="1" op="subst"/>
        </tree>
        <tree id="SyntagmeAnnex_68--صَانِع8--2" node="1.4.1.2" op="subst">
          <tree id="SyntagmePrep_83--لِ9--0" node="2" op="subst">
            <tree id="NomCommun_10--فَرِيق12--1" node="2" op="subst">
              <tree id="SyntagmeAnnex_66--أَلعَابِ10--0" node="0" op="adj"/>
              <tree id="ProcEnc_0--ال11--0" node="1" op="subst"/>
            </tree>
          </tree>
        </tree>
      </tree>
    </derivationTree>
    <derivedTree>
      <node type="std">
        <node type="std">
          <node type="std">
            <node type="std">
              <node type="lex" value="أمَنَ">
                <narg>
                  <fs>
                    <f name="cat">
                      <sym value="أمَنَ"/>
                    </f>
                  </fs>
                </narg>
              </node>
              <narg>
                <fs>
                  <f name="aspect">
                    <sym value="acco"/>
                  </f>
                  <f name="cat">
                    <sym value="v"/>
                  </f>
                  <f name="def">
                    <sym value="0"/>
                  </f>
                  <f name="e">
                    <sym varname="L0"/>
                  </f>
                  <f name="gen">
                    <sym value="m"/>
                  </f>
                  <f name="genA">
                    <sym varname="X1306723012_7"/>
                  </f>
                  <f name="mode">
                    <sym value="ind"/>
                  </f>
                  <f name="npro">
                    <sym value="0"/>
                  </f>
                  <f name="num">
                    <sym value="sg"/>
                  </f>
                  <f name="numA">
                    <sym varname="X1306723012_8"/>
                  </f>
                  <f name="oclit">
                    <sym value="o_0"/>
                  </f>
                  <f name="pclit">
                    <sym value="p_0"/>
                  </f>
                  <f name="pers">
                    <sym value="4"/>
                  </f>
                  <f name="suj">
                    <sym value="s_1"/>
                  </f>
                  <f name="voix">
                    <sym value="act"/>
                  </f>
                </fs>
              </narg>
            </node>
            <narg>
              <fs>
                <f name="cat">
                  <sym value="advd"/>
                </f>
                <f name="e">
                  <sym varname="L0"/>
                </f>
              </fs>
            </narg>
          </node>
          <node type="std">
            <node type="std">
              <node type="std">
                <node type="lex" value="ال">
                  <narg>
                    <fs>
                      <f name="cat">
                        <sym value="ال"/>
                      </f>
                    </fs>
                  </narg>
                </node>
                <narg>
                  <fs>
                    <f name="cat">
                      <sym value="proc_def"/>
                    </f>
                    <f name="def">
                      <sym value="0"/>
                    </f>
                    <f name="npro">
                      <sym value="0"/>
                    </f>
                    <f name="oclit">
                      <sym value="o_0"/>
                    </f>
                  </fs>
                </narg>
              </node>
              <node type="std">
                <node type="lex" value="مُدَرِّبُ">
                  <narg>
                    <fs>
                      <f name="cat">
                        <sym value="مُدَرِّبُ"/>
                      </f>
                    </fs>
                  </narg>
                </node>
                <narg>
                  <fs>
                    <f name="anime">
                      <sym value="a_1"/>
                    </f>
                    <f name="cas">
                      <sym value="nom"/>
                    </f>
                    <f name="cat">
                      <sym value="sn"/>
                    </f>
                    <f name="def">
                      <sym value="0"/>
                    </f>
                    <f name="gen">
                      <sym value="m"/>
                    </f>
                    <f name="hum">
                      <sym value="h_1"/>
                    </f>
                    <f name="i">
                      <sym varname="E0"/>
                    </f>
                    <f name="npro">
                      <sym value="0"/>
                    </f>
                    <f name="num">
                      <sym value="sg"/>
                    </f>
                    <f name="oclit">
                      <sym value="o_0"/>
                    </f>
                    <f name="subcat">
                      <sym value="sn_com"/>
                    </f>
                  </fs>
                </narg>
              </node>
              <narg>
                <fs>
                  <f name="anime">
                    <sym value="a_1"/>
                  </f>
                  <f name="cas">
                    <sym value="nom"/>
                  </f>
                  <f name="cat">
                    <sym value="sn"/>
                  </f>
                  <f name="def">
                    <sym value="1"/>
                  </f>
                  <f name="fg">
                    <sym value="sujet"/>
                  </f>
                  <f name="gen">
                    <sym value="m"/>
                  </f>
                  <f name="hum">
                    <sym value="h_1"/>
                  </f>
                  <f name="i">
                    <sym varname="E0"/>
                  </f>
                  <f name="npro">
                    <sym value="0"/>
                  </f>
                  <f name="num">
                    <sym value="sg"/>
                  </f>
                  <f name="subcat">
                    <sym value="sn_def"/>
                  </f>
                </fs>
              </narg>
            </node>
            <narg>
              <fs>
                <f name="cat">
                  <sym value="advd"/>
                </f>
                <f name="e">
                  <sym varname="L0"/>
                </f>
              </fs>
            </narg>
          </node>
          <node type="std">
            <node type="std">
              <node type="std">
                <node type="lex" value="بِ">
                  <narg>
                    <fs>
                      <f name="cat">
                        <sym value="بِ"/>
                      </f>
                    </fs>
                  </narg>
                </node>
                <narg>
                  <fs>
                    <f name="cat">
                      <sym value="p"/>
                    </f>
                  </fs>
                </narg>
              </node>
              <node type="std">
                <node type="std">
                  <node type="lex" value="ال">
                    <narg>
                      <fs>
                        <f name="cat">
                          <sym value="ال"/>
                        </f>
                      </fs>
                    </narg>
                  </node>
                  <narg>
                    <fs>
                      <f name="cat">
                        <sym value="proc_def"/>
                      </f>
                      <f name="def">
                        <sym value="0"/>
                      </f>
                      <f name="npro">
                        <sym value="0"/>
                      </f>
                      <f name="oclit">
                        <sym value="o_0"/>
                      </f>
                    </fs>
                  </narg>
                </node>
                <node type="std">
                  <node type="lex" value="لَّاعِبِ">
                    <narg>
                      <fs>
                        <f name="cat">
                          <sym value="لَّاعِبِ"/>
                        </f>
                      </fs>
                    </narg>
                  </node>
                  <narg>
                    <fs>
                      <f name="anime">
                        <sym value="a_1"/>
                      </f>
                      <f name="cas">
                        <sym value="gen"/>
                      </f>
                      <f name="cat">
                        <sym value="sn"/>
                      </f>
                      <f name="def">
                        <sym value="0"/>
                      </f>
                      <f name="gen">
                        <sym value="m"/>
                      </f>
                      <f name="hum">
                        <sym value="h_1"/>
                      </f>
                      <f name="i">
                        <sym varname="I0"/>
                      </f>
                      <f name="npro">
                        <sym value="0"/>
                      </f>
                      <f name="num">
                        <sym value="sg"/>
                      </f>
                      <f name="oclit">
                        <sym value="o_0"/>
                      </f>
                      <f name="subcat">
                        <sym value="sn_com"/>
                      </f>
                    </fs>
                  </narg>
                </node>
                <narg>
                  <fs>
                    <f name="anime">
                      <sym value="a_1"/>
                    </f>
                    <f name="cas">
                      <sym value="gen"/>
                    </f>
                    <f name="cat">
                      <sym value="sn"/>
                    </f>
                    <f name="def">
                      <sym value="1"/>
                    </f>
                    <f name="fg">
                      <sym value="objet1"/>
                    </f>
                    <f name="gen">
                      <sym value="m"/>
                    </f>
                    <f name="hum">
                      <sym value="h_1"/>
                    </f>
                    <f name="i">
                      <sym varname="I0"/>
                    </f>
                    <f name="npro">
                      <sym value="0"/>
                    </f>
                    <f name="num">
                      <sym value="sg"/>
                    </f>
                    <f name="subcat">
                      <sym value="sn_def"/>
                    </f>
                  </fs>
                </narg>
              </node>
              <narg>
                <fs>
                  <f name="cat">
                    <sym value="sp"/>
                  </f>
                  <f name="fg">
                    <sym value="objet1"/>
                  </f>
                  <f name="fgtype">
                    <sym value="indirect"/>
                  </f>
                  <f name="i">
                    <sym varname="I0"/>
                  </f>
                </fs>
              </narg>
            </node>
            <narg>
              <fs>
                <f name="cat">
                  <sym value="advd"/>
                </f>
                <f name="e">
                  <sym varname="L0"/>
                </f>
              </fs>
            </narg>
          </node>
          <node type="std">
            <node type="std">
              <node type="std">
                <node type="lex" value="كَ">
                  <narg>
                    <fs>
                      <f name="cat">
                        <sym value="كَ"/>
                      </f>
                    </fs>
                  </narg>
                </node>
                <narg>
                  <fs>
                    <f name="cat">
                      <sym value="p"/>
                    </f>
                  </fs>
                </narg>
              </node>
              <node type="std">
                <node type="std">
                  <node type="lex" value="صَانِع">
                    <narg>
                      <fs>
                        <f name="cat">
                          <sym value="صَانِع"/>
                        </f>
                      </fs>
                    </narg>
                  </node>
                  <narg>
                    <fs>
                      <f name="anime">
                        <sym value="a_1"/>
                      </f>
                      <f name="cas">
                        <sym value="gen"/>
                      </f>
                      <f name="cat">
                        <sym value="sn"/>
                      </f>
                      <f name="def">
                        <sym value="0"/>
                      </f>
                      <f name="gen">
                        <sym value="m"/>
                      </f>
                      <f name="hum">
                        <sym value="h_1"/>
                      </f>
                      <f name="npro">
                        <sym value="0"/>
                      </f>
                      <f name="num">
                        <sym value="sg"/>
                      </f>
                      <f name="oclit">
                        <sym value="o_0"/>
                      </f>
                    </fs>
                  </narg>
                </node>
                <node type="std">
                  <node type="std">
                    <node type="lex" value="لِ">
                      <narg>
                        <fs>
                          <f name="cat">
                            <sym value="لِ"/>
                          </f>
                        </fs>
                      </narg>
                    </node>
                    <narg>
                      <fs>
                        <f name="cat">
                          <sym value="p"/>
                        </f>
                        <f name="def">
                          <sym value="0"/>
                        </f>
                        <f name="i">
                          <sym varname="C0"/>
                        </f>
                        <f name="npro">
                          <sym value="0"/>
                        </f>
                        <f name="oclit">
                          <sym value="o_0"/>
                        </f>
                      </fs>
                    </narg>
                  </node>
                  <node type="std">
                    <node type="std">
                      <node type="lex" value="أَلعَابِ">
                        <narg>
                          <fs>
                            <f name="cat">
                              <sym value="أَلعَابِ"/>
                            </f>
                          </fs>
                        </narg>
                      </node>
                      <narg>
                        <fs>
                          <f name="anime">
                            <sym value="a_0"/>
                          </f>
                          <f name="cas">
                            <sym value="gen"/>
                          </f>
                          <f name="cat">
                            <sym value="sn"/>
                          </f>
                          <f name="def">
                            <sym value="0"/>
                          </f>
                          <f name="gen">
                            <sym value="f"/>
                          </f>
                          <f name="hum">
                            <sym value="h_0"/>
                          </f>
                          <f name="i">
                            <sym varname="B0"/>
                          </f>
                          <f name="npro">
                            <sym value="0"/>
                          </f>
                          <f name="num">
                            <sym value="plr"/>
                          </f>
                          <f name="oclit">
                            <sym value="o_0"/>
                          </f>
                        </fs>
                      </narg>
                    </node>
                    <node type="std">
                      <node type="std">
                        <node type="lex" value="ال">
                          <narg>
                            <fs>
                              <f name="cat">
                                <sym value="ال"/>
                              </f>
                            </fs>
                          </narg>
                        </node>
                        <narg>
                          <fs>
                            <f name="cat">
                              <sym value="proc_def"/>
                            </f>
                            <f name="def">
                              <sym value="0"/>
                            </f>
                            <f name="npro">
                              <sym value="0"/>
                            </f>
                            <f name="oclit">
                              <sym value="o_0"/>
                            </f>
                          </fs>
                        </narg>
                      </node>
                      <node type="std">
                        <node type="lex" value="فَرِيق">
                          <narg>
                            <fs>
                              <f name="cat">
                                <sym value="فَرِيق"/>
                              </f>
                            </fs>
                          </narg>
                        </node>
                        <narg>
                          <fs>
                            <f name="anime">
                              <sym value="a_1"/>
                            </f>
                            <f name="cas">
                              <sym value="gen"/>
                            </f>
                            <f name="cat">
                              <sym value="sn"/>
                            </f>
                            <f name="def">
                              <sym value="0"/>
                            </f>
                            <f name="gen">
                              <sym value="m"/>
                            </f>
                            <f name="hum">
                              <sym value="h_0"/>
                            </f>
                            <f name="i">
                              <sym varname="A0"/>
                            </f>
                            <f name="npro">
                              <sym value="0"/>
                            </f>
                            <f name="num">
                              <sym value="sg"/>
                            </f>
                            <f name="oclit">
                              <sym value="o_0"/>
                            </f>
                            <f name="subcat">
                              <sym value="sn_com"/>
                            </f>
                          </fs>
                        </narg>
                      </node>
                      <narg>
                        <fs>
                          <f name="anime">
                            <sym value="a_1"/>
                          </f>
                          <f name="cas">
                            <sym value="gen"/>
                          </f>
                          <f name="cat">
                            <sym value="sn"/>
                          </f>
                          <f name="def">
                            <sym value="1"/>
                          </f>
                          <f name="gen">
                            <sym value="m"/>
                          </f>
                          <f name="hum">
                            <sym value="h_0"/>
                          </f>
                          <f name="i">
                            <sym varname="A0"/>
                          </f>
                          <f name="npro">
                            <sym value="0"/>
                          </f>
                          <f name="num">
                            <sym value="sg"/>
                          </f>
                          <f name="subcat">
                            <sym value="sn_def"/>
                          </f>
                        </fs>
                      </narg>
                    </node>
                    <narg>
                      <fs>
                        <f name="anime">
                          <sym value="a_0"/>
                        </f>
                        <f name="cas">
                          <sym value="gen"/>
                        </f>
                        <f name="cat">
                          <sym value="sn"/>
                        </f>
                        <f name="def">
                          <sym value="0"/>
                        </f>
                        <f name="gen">
                          <sym value="f"/>
                        </f>
                        <f name="hum">
                          <sym value="h_0"/>
                        </f>
                        <f name="i">
                          <sym varname="B0"/>
                        </f>
                        <f name="npro">
                          <sym value="0"/>
                        </f>
                        <f name="num">
                          <sym value="plr"/>
                        </f>
                        <f name="subcat">
                          <sym value="sn_ann"/>
                        </f>
                      </fs>
                    </narg>
                  </node>
                  <narg>
                    <fs>
                      <f name="cat">
                        <sym value="sp"/>
                      </f>
                      <f name="i">
                        <sym varname="C0"/>
                      </f>
                    </fs>
                  </narg>
                </node>
                <narg>
                  <fs>
                    <f name="anime">
                      <sym value="a_1"/>
                    </f>
                    <f name="cas">
                      <sym value="gen"/>
                    </f>
                    <f name="cat">
                      <sym value="sn"/>
                    </f>
                    <f name="def">
                      <sym value="0"/>
                    </f>
                    <f name="fg">
                      <sym value="objet2"/>
                    </f>
                    <f name="gen">
                      <sym value="m"/>
                    </f>
                    <f name="hum">
                      <sym value="h_1"/>
                    </f>
                    <f name="i">
                      <sym varname="D0"/>
                    </f>
                    <f name="npro">
                      <sym value="0"/>
                    </f>
                    <f name="num">
                      <sym value="sg"/>
                    </f>
                    <f name="subcat">
                      <sym value="sn_ann"/>
                    </f>
                  </fs>
                </narg>
              </node>
              <narg>
                <fs>
                  <f name="cat">
                    <sym value="sp"/>
                  </f>
                  <f name="fg">
                    <sym value="objet2"/>
                  </f>
                  <f name="fgtype">
                    <sym value="indirect"/>
                  </f>
                  <f name="i">
                    <sym varname="D0"/>
                  </f>
                </fs>
              </narg>
            </node>
            <narg>
              <fs>
                <f name="cat">
                  <sym value="advd"/>
                </f>
                <f name="e">
                  <sym varname="L0"/>
                </f>
              </fs>
            </narg>
          </node>
          <narg>
            <fs>
              <f name="cat">
                <sym value="advg"/>
              </f>
              <f name="e">
                <sym varname="L0"/>
              </f>
            </fs>
          </narg>
        </node>
        <narg>
          <fs>
            <f name="aspect">
              <sym value="acco"/>
            </f>
            <f name="cat">
              <sym value="sv"/>
            </f>
            <f name="e">
              <sym varname="L0"/>
            </f>
            <f name="gen">
              <sym value="m"/>
            </f>
            <f name="genA">
              <sym varname="X1306723012_7"/>
            </f>
            <f name="mode">
              <sym value="ind"/>
            </f>
            <f name="num">
              <sym value="sg"/>
            </f>
            <f name="numA">
              <sym varname="X1306723012_8"/>
            </f>
            <f name="oclit">
              <sym value="o_0"/>
            </f>
            <f name="suj">
              <sym value="s_1"/>
            </f>
            <f name="voix">
              <sym value="act"/>
            </f>
          </fs>
        </narg>
      </node>
    </derivedTree>
    <semantics/>
    <specified_semantics/>
    <frame>
      <fs coref="L0">
        <ctype>
          <type val="event"/>
          <type val="causality"/>
        </ctype>
        <f name="FE3">
          <fs coref="F0">
            <ctype>
              <type val="predicate"/>
              <type val="undergoer"/>
            </ctype>
            <f name="subFrame">
              <fs coref="D0">
                <ctype>
                  <type val="concrete"/>
                  <type val="natural"/>
                  <type val="animate"/>
                  <type val="human"/>
                  <type val="selRestr"/>
                </ctype>
                <f name="val">
                  <sym value="صَانِع"/>
                </f>
                <f name="annexion">
                  <fs coref="C0">
                    <ctype/>
                    <f name="particule">
                      <sym value="لِ"/>
                    </f>
                    <f name="sn">
                      <fs coref="B0">
                        <ctype>
                          <type val="concrete"/>
                          <type val="selRestr"/>
                        </ctype>
                        <f name="val">
                          <sym value="أَلعَابِ"/>
                        </f>
                        <f name="annexion">
                          <fs coref="A0">
                            <ctype>
                              <type val="concrete"/>
                              <type val="natural"/>
                              <type val="organization"/>
                              <type val="nonhuman"/>
                              <type val="animate"/>
                              <type val="selRestr"/>
                            </ctype>
                            <f name="val">
                              <sym value="فَرِيق"/>
                            </f>
                          </fs>
                        </f>
                      </fs>
                    </f>
                  </fs>
                </f>
              </fs>
            </f>
          </fs>
        </f>
        <f name="FE2">
          <fs coref="G0">
            <ctype>
              <type val="theme"/>
              <type val="undergoer"/>
            </ctype>
            <f name="subFrame">
              <fs coref="I0">
                <ctype>
                  <type val="concrete"/>
                  <type val="natural"/>
                  <type val="animate"/>
                  <type val="human"/>
                  <type val="selRestr"/>
                </ctype>
                <f name="val">
                  <sym value="لَّاعِبِ"/>
                </f>
              </fs>
            </f>
          </fs>
        </f>
        <f name="FE1">
          <fs coref="H0">
            <ctype>
              <type val="actor"/>
              <type val="agent"/>
            </ctype>
            <f name="subFrame">
              <fs coref="E0">
                <ctype>
                  <type val="concrete"/>
                  <type val="natural"/>
                  <type val="animate"/>
                  <type val="human"/>
                  <type val="selRestr"/>
                </ctype>
                <f name="val">
                  <sym value="مُدَرِّب"/>
                </f>
              </fs>
            </f>
          </fs>
        </f>
      </fs>
    </frame>
  </parse>
  <parse>
    <derivationTree>
      <tree id="DiTransitifActif_707--أمَنَ1--167">
        <tree id="NomCommun_10--مُدَرِّبُ3--1" node="1.2.1" op="subst">
          <tree id="ProcEnc_0--ال2--0" node="1" op="subst"/>
        </tree>
        <tree id="NomCommun_10--لَّاعِبِ6--1" node="1.3.1.2" op="subst">
          <tree id="ProcEnc_0--ال5--0" node="1" op="subst"/>
        </tree>
        <tree id="SyntagmeAnnex_68--صَانِع8--2" node="1.4.1.2" op="subst">
          <tree id="SyntagmePrep_83--لِ9--0" node="2" op="subst">
            <tree id="NomCommun_10--فَرِيق12--1" node="2" op="subst">
              <tree id="SyntagmeAnnex_66--أَلعَابِ10--0" node="0" op="adj"/>
              <tree id="ProcEnc_0--ال11--0" node="1" op="subst"/>
            </tree>
          </tree>
        </tree>
      </tree>
    </derivationTree>
    <derivedTree>
      <node type="std">
        <node type="std">
          <node type="std">
            <node type="std">
              <node type="lex" value="أمَنَ">
                <narg>
                  <fs>
                    <f name="cat">
                      <sym value="أمَنَ"/>
                    </f>
                  </fs>
                </narg>
              </node>
              <narg>
                <fs>
                  <f name="aspect">
                    <sym value="acco"/>
                  </f>
                  <f name="cat">
                    <sym value="v"/>
                  </f>
                  <f name="def">
                    <sym value="0"/>
                  </f>
                  <f name="e">
                    <sym varname="I0"/>
                  </f>
                  <f name="gen">
                    <sym value="m"/>
                  </f>
                  <f name="genA">
                    <sym varname="X21305437_7"/>
                  </f>
                  <f name="mode">
                    <sym value="ind"/>
                  </f>
                  <f name="npro">
                    <sym value="0"/>
                  </f>
                  <f name="num">
                    <sym value="sg"/>
                  </f>
                  <f name="numA">
                    <sym varname="X21305437_8"/>
                  </f>
                  <f name="oclit">
                    <sym value="o_0"/>
                  </f>
                  <f name="pclit">
                    <sym value="p_0"/>
                  </f>
                  <f name="pers">
                    <sym value="4"/>
                  </f>
                  <f name="suj">
                    <sym value="s_1"/>
                  </f>
                  <f name="voix">
                    <sym value="act"/>
                  </f>
                </fs>
              </narg>
            </node>
            <narg>
              <fs>
                <f name="cat">
                  <sym value="advd"/>
                </f>
                <f name="e">
                  <sym varname="I0"/>
                </f>
              </fs>
            </narg>
          </node>
          <node type="std">
            <node type="std">
              <node type="std">
                <node type="lex" value="ال">
                  <narg>
                    <fs>
                      <f name="cat">
                        <sym value="ال"/>
                      </f>
                    </fs>
                  </narg>
                </node>
                <narg>
                  <fs>
                    <f name="cat">
                      <sym value="proc_def"/>
                    </f>
                    <f name="def">
                      <sym value="0"/>
                    </f>
                    <f name="npro">
                      <sym value="0"/>
                    </f>
                    <f name="oclit">
                      <sym value="o_0"/>
                    </f>
                  </fs>
                </narg>
              </node>
              <node type="std">
                <node type="lex" value="مُدَرِّبُ">
                  <narg>
                    <fs>
                      <f name="cat">
                        <sym value="مُدَرِّبُ"/>
                      </f>
                    </fs>
                  </narg>
                </node>
                <narg>
                  <fs>
                    <f name="anime">
                      <sym value="a_1"/>
                    </f>
                    <f name="cas">
                      <sym value="nom"/>
                    </f>
                    <f name="cat">
                      <sym value="sn"/>
                    </f>
                    <f name="def">
                      <sym value="0"/>
                    </f>
                    <f name="gen">
                      <sym value="m"/>
                    </f>
                    <f name="hum">
                      <sym value="h_1"/>
                    </f>
                    <f name="i">
                      <sym varname="C0"/>
                    </f>
                    <f name="npro">
                      <sym value="0"/>
                    </f>
                    <f name="num">
                      <sym value="sg"/>
                    </f>
                    <f name="oclit">
                      <sym value="o_0"/>
                    </f>
                    <f name="subcat">
                      <sym value="sn_com"/>
                    </f>
                  </fs>
                </narg>
              </node>
              <narg>
                <fs>
                  <f name="anime">
                    <sym value="a_1"/>
                  </f>
                  <f name="cas">
                    <sym value="nom"/>
                  </f>
                  <f name="cat">
                    <sym value="sn"/>
                  </f>
                  <f name="def">
                    <sym value="1"/>
                  </f>
                  <f name="fg">
                    <sym value="sujet"/>
                  </f>
                  <f name="gen">
                    <sym value="m"/>
                  </f>
                  <f name="hum">
                    <sym value="h_1"/>
                  </f>
                  <f name="i">
                    <sym varname="C0"/>
                  </f>
                  <f name="npro">
                    <sym value="0"/>
                  </f>
                  <f name="num">
                    <sym value="sg"/>
                  </f>
                  <f name="subcat">
                    <sym value="sn_def"/>
                  </f>
                </fs>
              </narg>
            </node>
            <narg>
              <fs>
                <f name="cat">
                  <sym value="advd"/>
                </f>
                <f name="e">
                  <sym varname="I0"/>
                </f>
              </fs>
            </narg>
          </node>
          <node type="std">
            <node type="std">
              <node type="std">
                <node type="lex" value="بِ">
                  <narg>
                    <fs>
                      <f name="cat">
                        <sym value="بِ"/>
                      </f>
                    </fs>
                  </narg>
                </node>
                <narg>
                  <fs>
                    <f name="cat">
                      <sym value="p"/>
                    </f>
                  </fs>
                </narg>
              </node>
              <node type="std">
                <node type="std">
                  <node type="lex" value="ال">
                    <narg>
                      <fs>
                        <f name="cat">
                          <sym value="ال"/>
                        </f>
                      </fs>
                    </narg>
                  </node>
                  <narg>
                    <fs>
                      <f name="cat">
                        <sym value="proc_def"/>
                      </f>
                      <f name="def">
                        <sym value="0"/>
                      </f>
                      <f name="npro">
                        <sym value="0"/>
                      </f>
                      <f name="oclit">
                        <sym value="o_0"/>
                      </f>
                    </fs>
                  </narg>
                </node>
                <node type="std">
                  <node type="lex" value="لَّاعِبِ">
                    <narg>
                      <fs>
                        <f name="cat">
                          <sym value="لَّاعِبِ"/>
                        </f>
                      </fs>
                    </narg>
                  </node>
                  <narg>
                    <fs>
                      <f name="anime">
                        <sym value="a_1"/>
                      </f>
                      <f name="cas">
                        <sym value="gen"/>
                      </f>
                      <f name="cat">
                        <sym value="sn"/>
                      </f>
                      <f name="def">
                        <sym value="0"/>
                      </f>
                      <f name="gen">
                        <sym value="m"/>
                      </f>
                      <f name="hum">
                        <sym value="h_1"/>
                      </f>
                      <f name="i">
                        <sym varname="B0"/>
                      </f>
                      <f name="npro">
                        <sym value="0"/>
                      </f>
                      <f name="num">
                        <sym value="sg"/>
                      </f>
                      <f name="oclit">
                        <sym value="o_0"/>
                      </f>
                      <f name="subcat">
                        <sym value="sn_com"/>
                      </f>
                    </fs>
                  </narg>
                </node>
                <narg>
                  <fs>
                    <f name="anime">
                      <sym value="a_1"/>
                    </f>
                    <f name="cas">
                      <sym value="gen"/>
                    </f>
                    <f name="cat">
                      <sym value="sn"/>
                    </f>
                    <f name="def">
                      <sym value="1"/>
                    </f>
                    <f name="fg">
                      <sym value="objet1"/>
                    </f>
                    <f name="gen">
                      <sym value="m"/>
                    </f>
                    <f name="hum">
                      <sym value="h_1"/>
                    </f>
                    <f name="i">
                      <sym varname="B0"/>
                    </f>
                    <f name="npro">
                      <sym value="0"/>
                    </f>
                    <f name="num">
                      <sym value="sg"/>
                    </f>
                    <f name="subcat">
                      <sym value="sn_def"/>
                    </f>
                  </fs>
                </narg>
              </node>
              <narg>
                <fs>
                  <f name="cat">
                    <sym value="sp"/>
                  </f>
                  <f name="fg">
                    <sym value="objet1"/>
                  </f>
                  <f name="fgtype">
                    <sym value="indirect"/>
                  </f>
                  <f name="i">
                    <sym varname="B0"/>
                  </f>
                </fs>
              </narg>
            </node>
            <narg>
              <fs>
                <f name="cat">
                  <sym value="advd"/>
                </f>
                <f name="e">
                  <sym varname="I0"/>
                </f>
              </fs>
            </narg>
          </node>
          <node type="std">
            <node type="std">
              <node type="std">
                <node type="lex" value="كَ">
                  <narg>
                    <fs>
                      <f name="cat">
                        <sym value="كَ"/>
                      </f>
                    </fs>
                  </narg>
                </node>
                <narg>
                  <fs>
                    <f name="cat">
                      <sym value="p"/>
                    </f>
                  </fs>
                </narg>
              </node>
              <node type="std">
                <node type="std">
                  <node type="lex" value="صَانِع">
                    <narg>
                      <fs>
                        <f name="cat">
                          <sym value="صَانِع"/>
                        </f>
                      </fs>
                    </narg>
                  </node>
                  <narg>
                    <fs>
                      <f name="anime">
                        <sym value="a_1"/>
                      </f>
                      <f name="cas">
                        <sym value="gen"/>
                      </f>
                      <f name="cat">
                        <sym value="sn"/>
                      </f>
                      <f name="def">
                        <sym value="0"/>
                      </f>
                      <f name="gen">
                        <sym value="m"/>
                      </f>
                      <f name="hum">
                        <sym value="h_1"/>
                      </f>
                      <f name="npro">
                        <sym value="0"/>
                      </f>
                      <f name="num">
                        <sym value="sg"/>
                      </f>
                      <f name="oclit">
                        <sym value="o_0"/>
                      </f>
                    </fs>
                  </narg>
                </node>
                <node type="std">
                  <node type="std">
                    <node type="lex" value="لِ">
                      <narg>
                        <fs>
                          <f name="cat">
                            <sym value="لِ"/>
                          </f>
                        </fs>
                      </narg>
                    </node>
                    <narg>
                      <fs>
                        <f name="cat">
                          <sym value="p"/>
                        </f>
                        <f name="def">
                          <sym value="0"/>
                        </f>
                        <f name="i">
                          <sym varname="J0"/>
                        </f>
                        <f name="npro">
                          <sym value="0"/>
                        </f>
                        <f name="oclit">
                          <sym value="o_0"/>
                        </f>
                      </fs>
                    </narg>
                  </node>
                  <node type="std">
                    <node type="std">
                      <node type="lex" value="أَلعَابِ">
                        <narg>
                          <fs>
                            <f name="cat">
                              <sym value="أَلعَابِ"/>
                            </f>
                          </fs>
                        </narg>
                      </node>
                      <narg>
                        <fs>
                          <f name="anime">
                            <sym value="a_0"/>
                          </f>
                          <f name="cas">
                            <sym value="gen"/>
                          </f>
                          <f name="cat">
                            <sym value="sn"/>
                          </f>
                          <f name="def">
                            <sym value="0"/>
                          </f>
                          <f name="gen">
                            <sym value="f"/>
                          </f>
                          <f name="hum">
                            <sym value="h_0"/>
                          </f>
                          <f name="i">
                            <sym varname="H0"/>
                          </f>
                          <f name="npro">
                            <sym value="0"/>
                          </f>
                          <f name="num">
                            <sym value="plr"/>
                          </f>
                          <f name="oclit">
                            <sym value="o_0"/>
                          </f>
                        </fs>
                      </narg>
                    </node>
                    <node type="std">
                      <node type="std">
                        <node type="lex" value="ال">
                          <narg>
                            <fs>
                              <f name="cat">
                                <sym value="ال"/>
                              </f>
                            </fs>
                          </narg>
                        </node>
                        <narg>
                          <fs>
                            <f name="cat">
                              <sym value="proc_def"/>
                            </f>
                            <f name="def">
                              <sym value="0"/>
                            </f>
                            <f name="npro">
                              <sym value="0"/>
                            </f>
                            <f name="oclit">
                              <sym value="o_0"/>
                            </f>
                          </fs>
                        </narg>
                      </node>
                      <node type="std">
                        <node type="lex" value="فَرِيق">
                          <narg>
                            <fs>
                              <f name="cat">
                                <sym value="فَرِيق"/>
                              </f>
                            </fs>
                          </narg>
                        </node>
                        <narg>
                          <fs>
                            <f name="anime">
                              <sym value="a_1"/>
                            </f>
                            <f name="cas">
                              <sym value="gen"/>
                            </f>
                            <f name="cat">
                              <sym value="sn"/>
                            </f>
                            <f name="def">
                              <sym value="0"/>
                            </f>
                            <f name="gen">
                              <sym value="m"/>
                            </f>
                            <f name="hum">
                              <sym value="h_0"/>
                            </f>
                            <f name="i">
                              <sym varname="F0"/>
                            </f>
                            <f name="npro">
                              <sym value="0"/>
                            </f>
                            <f name="num">
                              <sym value="sg"/>
                            </f>
                            <f name="oclit">
                              <sym value="o_0"/>
                            </f>
                            <f name="subcat">
                              <sym value="sn_com"/>
                            </f>
                          </fs>
                        </narg>
                      </node>
                      <narg>
                        <fs>
                          <f name="anime">
                            <sym value="a_1"/>
                          </f>
                          <f name="cas">
                            <sym value="gen"/>
                          </f>
                          <f name="cat">
                            <sym value="sn"/>
                          </f>
                          <f name="def">
                            <sym value="1"/>
                          </f>
                          <f name="gen">
                            <sym value="m"/>
                          </f>
                          <f name="hum">
                            <sym value="h_0"/>
                          </f>
                          <f name="i">
                            <sym varname="F0"/>
                          </f>
                          <f name="npro">
                            <sym value="0"/>
                          </f>
                          <f name="num">
                            <sym value="sg"/>
                          </f>
                          <f name="subcat">
                            <sym value="sn_def"/>
                          </f>
                        </fs>
                      </narg>
                    </node>
                    <narg>
                      <fs>
                        <f name="anime">
                          <sym value="a_0"/>
                        </f>
                        <f name="cas">
                          <sym value="gen"/>
                        </f>
                        <f name="cat">
                          <sym value="sn"/>
                        </f>
                        <f name="def">
                          <sym value="0"/>
                        </f>
                        <f name="gen">
                          <sym value="f"/>
                        </f>
                        <f name="hum">
                          <sym value="h_0"/>
                        </f>
                        <f name="i">
                          <sym varname="H0"/>
                        </f>
                        <f name="npro">
                          <sym value="0"/>
                        </f>
                        <f name="num">
                          <sym value="plr"/>
                        </f>
                        <f name="subcat">
                          <sym value="sn_ann"/>
                        </f>
                      </fs>
                    </narg>
                  </node>
                  <narg>
                    <fs>
                      <f name="cat">
                        <sym value="sp"/>
                      </f>
                      <f name="i">
                        <sym varname="J0"/>
                      </f>
                    </fs>
                  </narg>
                </node>
                <narg>
                  <fs>
                    <f name="anime">
                      <sym value="a_1"/>
                    </f>
                    <f name="cas">
                      <sym value="gen"/>
                    </f>
                    <f name="cat">
                      <sym value="sn"/>
                    </f>
                    <f name="def">
                      <sym value="0"/>
                    </f>
                    <f name="fg">
                      <sym value="objet2"/>
                    </f>
                    <f name="gen">
                      <sym value="m"/>
                    </f>
                    <f name="hum">
                      <sym value="h_1"/>
                    </f>
                    <f name="i">
                      <sym varname="A0"/>
                    </f>
                    <f name="npro">
                      <sym value="0"/>
                    </f>
                    <f name="num">
                      <sym value="sg"/>
                    </f>
                    <f name="subcat">
                      <sym value="sn_ann"/>
                    </f>
                  </fs>
                </narg>
              </node>
              <narg>
                <fs>
                  <f name="cat">
                    <sym value="sp"/>
                  </f>
                  <f name="fg">
                    <sym value="objet2"/>
                  </f>
                  <f name="fgtype">
                    <sym value="indirect"/>
                  </f>
                  <f name="i">
                    <sym varname="A0"/>
                  </f>
                </fs>
              </narg>
            </node>
            <narg>
              <fs>
                <f name="cat">
                  <sym value="advd"/>
                </f>
                <f name="e">
                  <sym varname="I0"/>
                </f>
              </fs>
            </narg>
          </node>
          <narg>
            <fs>
              <f name="cat">
                <sym value="advg"/>
              </f>
              <f name="e">
                <sym varname="I0"/>
              </f>
            </fs>
          </narg>
        </node>
        <narg>
          <fs>
            <f name="aspect">
              <sym value="acco"/>
            </f>
            <f name="cat">
              <sym value="sv"/>
            </f>
            <f name="e">
              <sym varname="I0"/>
            </f>
            <f name="gen">
              <sym value="m"/>
            </f>
            <f name="genA">
              <sym varname="X21305437_7"/>
            </f>
            <f name="mode">
              <sym value="ind"/>
            </f>
            <f name="num">
              <sym value="sg"/>
            </f>
            <f name="numA">
              <sym varname="X21305437_8"/>
            </f>
            <f name="oclit">
              <sym value="o_0"/>
            </f>
            <f name="suj">
              <sym value="s_1"/>
            </f>
            <f name="voix">
              <sym value="act"/>
            </f>
          </fs>
        </narg>
      </node>
    </derivedTree>
    <semantics/>
    <specified_semantics/>
    <frame>
      <fs coref="I0">
        <ctype>
          <type val="event"/>
          <type val="causality"/>
        </ctype>
        <f name="FE3">
          <fs coref="G0">
            <ctype>
              <type val="predicate"/>
              <type val="undergoer"/>
            </ctype>
            <f name="subFrame">
              <fs coref="A0">
                <ctype>
                  <type val="concrete"/>
                  <type val="natural"/>
                  <type val="animate"/>
                  <type val="human"/>
                  <type val="selRestr"/>
                </ctype>
                <f name="val">
                  <sym value="صَانِع"/>
                </f>
                <f name="annexion">
                  <fs coref="J0">
                    <ctype/>
                    <f name="particule">
                      <sym value="لِ"/>
                    </f>
                    <f name="sn">
                      <fs coref="H0">
                        <ctype>
                          <type val="concrete"/>
                          <type val="selRestr"/>
                        </ctype>
                        <f name="val">
                          <sym value="أَلعَابِ"/>
                        </f>
                        <f name="annexion">
                          <fs coref="F0">
                            <ctype>
                              <type val="concrete"/>
                              <type val="natural"/>
                              <type val="organization"/>
                              <type val="nonhuman"/>
                              <type val="animate"/>
                              <type val="selRestr"/>
                            </ctype>
                            <f name="val">
                              <sym value="فَرِيق"/>
                            </f>
                          </fs>
                        </f>
                      </fs>
                    </f>
                  </fs>
                </f>
              </fs>
            </f>
          </fs>
        </f>
        <f name="FE2">
          <fs coref="E0">
            <ctype>
              <type val="theme"/>
              <type val="undergoer"/>
            </ctype>
            <f name="subFrame">
              <fs coref="B0">
                <ctype>
                  <type val="concrete"/>
                  <type val="natural"/>
                  <type val="animate"/>
                  <type val="human"/>
                  <type val="selRestr"/>
                </ctype>
                <f name="val">
                  <sym value="لَّاعِبِ"/>
                </f>
              </fs>
            </f>
          </fs>
        </f>
        <f name="FE1">
          <fs coref="D0">
            <ctype>
              <type val="actor"/>
              <type val="agent"/>
            </ctype>
            <f name="subFrame">
              <fs coref="C0">
                <ctype>
                  <type val="concrete"/>
                  <type val="natural"/>
                  <type val="animate"/>
                  <type val="human"/>
                  <type val="selRestr"/>
                </ctype>
                <f name="val">
                  <sym value="مُدَرِّب"/>
                </f>
              </fs>
            </f>
          </fs>
        </f>
      </fs>
    </frame>
  </parse>
</parses>
