<?xml version="1.0" encoding="UTF-8" standalone="no"?>
<!DOCTYPE parses SYSTEM "tulipa-parses.dtd,xml">
<parses sentence="تَسَبَّبَ ال نِّزَاع ال حُدُودِي فِي ال حَرب">
  <parse>
    <derivationTree>
      <tree id="TransitifActif_475--تَسَبَّبَ1--33">
        <tree id="NomCommun_10--نِّزَاع3--1" node="1.2.1" op="subst">
          <tree id="SyntagmeAdj_89--حُدُودِي5--3" node="0" op="adj">
            <tree id="ProcEnc_0--ال4--0" node="2.1" op="subst"/>
          </tree>
          <tree id="ProcEnc_0--ال2--0" node="1" op="subst"/>
        </tree>
        <tree id="NomCommun_10--حَرب8--1" node="1.3.1.2" op="subst">
          <tree id="ProcEnc_0--ال7--0" node="1" op="subst"/>
        </tree>
      </tree>
    </derivationTree>
    <derivedTree>
      <node type="std">
        <node type="std">
          <node type="std">
            <node type="std">
              <node type="lex" value="تَسَبَّبَ">
                <narg>
                  <fs>
                    <f name="cat">
                      <sym value="تَسَبَّبَ"/>
                    </f>
                  </fs>
                </narg>
              </node>
              <narg>
                <fs>
                  <f name="aspect">
                    <sym value="acco"/>
                  </f>
                  <f name="cat">
                    <sym value="v"/>
                  </f>
                  <f name="def">
                    <sym value="0"/>
                  </f>
                  <f name="e">
                    <sym varname="F0"/>
                  </f>
                  <f name="gen">
                    <sym value="m"/>
                  </f>
                  <f name="genA">
                    <sym varname="X1630420725_7"/>
                  </f>
                  <f name="mode">
                    <sym value="ind"/>
                  </f>
                  <f name="npro">
                    <sym value="0"/>
                  </f>
                  <f name="num">
                    <sym value="sg"/>
                  </f>
                  <f name="numA">
                    <sym varname="X1630420725_8"/>
                  </f>
                  <f name="oclit">
                    <sym value="o_0"/>
                  </f>
                  <f name="pclit">
                    <sym value="p_0"/>
                  </f>
                  <f name="pers">
                    <sym value="4"/>
                  </f>
                  <f name="suj">
                    <sym value="s_1"/>
                  </f>
                  <f name="voix">
                    <sym value="act"/>
                  </f>
                </fs>
              </narg>
            </node>
            <narg>
              <fs>
                <f name="cat">
                  <sym value="advd"/>
                </f>
                <f name="e">
                  <sym varname="F0"/>
                </f>
              </fs>
            </narg>
          </node>
          <node type="std">
            <node type="std">
              <node type="std">
                <node type="std">
                  <node type="lex" value="ال">
                    <narg>
                      <fs>
                        <f name="cat">
                          <sym value="ال"/>
                        </f>
                      </fs>
                    </narg>
                  </node>
                  <narg>
                    <fs>
                      <f name="cat">
                        <sym value="proc_def"/>
                      </f>
                      <f name="def">
                        <sym value="0"/>
                      </f>
                      <f name="npro">
                        <sym value="0"/>
                      </f>
                      <f name="oclit">
                        <sym value="o_0"/>
                      </f>
                    </fs>
                  </narg>
                </node>
                <node type="std">
                  <node type="lex" value="نِّزَاع">
                    <narg>
                      <fs>
                        <f name="cat">
                          <sym value="نِّزَاع"/>
                        </f>
                      </fs>
                    </narg>
                  </node>
                  <narg>
                    <fs>
                      <f name="anime">
                        <sym value="a_0"/>
                      </f>
                      <f name="cas">
                        <sym value="nom"/>
                      </f>
                      <f name="cat">
                        <sym value="sn"/>
                      </f>
                      <f name="def">
                        <sym value="0"/>
                      </f>
                      <f name="gen">
                        <sym value="m"/>
                      </f>
                      <f name="hum">
                        <sym value="h_0"/>
                      </f>
                      <f name="i">
                        <sym varname="C0"/>
                      </f>
                      <f name="npro">
                        <sym value="0"/>
                      </f>
                      <f name="num">
                        <sym value="sg"/>
                      </f>
                      <f name="oclit">
                        <sym value="o_0"/>
                      </f>
                      <f name="subcat">
                        <sym value="sn_com"/>
                      </f>
                    </fs>
                  </narg>
                </node>
                <narg>
                  <fs>
                    <f name="anime">
                      <sym value="a_0"/>
                    </f>
                    <f name="cas">
                      <sym value="nom"/>
                    </f>
                    <f name="cat">
                      <sym value="sn"/>
                    </f>
                    <f name="def">
                      <sym value="1"/>
                    </f>
                    <f name="gen">
                      <sym value="m"/>
                    </f>
                    <f name="hum">
                      <sym value="h_0"/>
                    </f>
                    <f name="i">
                      <sym varname="C0"/>
                    </f>
                    <f name="npro">
                      <sym value="0"/>
                    </f>
                    <f name="num">
                      <sym value="sg"/>
                    </f>
                    <f name="subcat">
                      <sym value="sn_def"/>
                    </f>
                  </fs>
                </narg>
              </node>
              <node type="std">
                <node type="std">
                  <node type="lex" value="ال">
                    <narg>
                      <fs>
                        <f name="cat">
                          <sym value="ال"/>
                        </f>
                      </fs>
                    </narg>
                  </node>
                  <narg>
                    <fs>
                      <f name="cat">
                        <sym value="proc_def"/>
                      </f>
                      <f name="def">
                        <sym value="0"/>
                      </f>
                      <f name="npro">
                        <sym value="0"/>
                      </f>
                      <f name="oclit">
                        <sym value="o_0"/>
                      </f>
                    </fs>
                  </narg>
                </node>
                <node type="std">
                  <node type="lex" value="حُدُودِي">
                    <narg>
                      <fs>
                        <f name="cat">
                          <sym value="حُدُودِي"/>
                        </f>
                      </fs>
                    </narg>
                  </node>
                  <narg>
                    <fs>
                      <f name="cas">
                        <sym value="nom"/>
                      </f>
                      <f name="cat">
                        <sym value="adj"/>
                      </f>
                      <f name="def">
                        <sym value="0"/>
                      </f>
                      <f name="gen">
                        <sym value="m"/>
                      </f>
                      <f name="npro">
                        <sym value="0"/>
                      </f>
                      <f name="num">
                        <sym value="sg"/>
                      </f>
                      <f name="oclit">
                        <sym value="o_0"/>
                      </f>
                    </fs>
                  </narg>
                </node>
                <narg>
                  <fs>
                    <f name="cas">
                      <sym value="nom"/>
                    </f>
                    <f name="cat">
                      <sym value="adj"/>
                    </f>
                    <f name="def">
                      <sym value="1"/>
                    </f>
                    <f name="gen">
                      <sym value="m"/>
                    </f>
                    <f name="num">
                      <sym value="sg"/>
                    </f>
                  </fs>
                </narg>
              </node>
              <narg>
                <fs>
                  <f name="anime">
                    <sym value="a_0"/>
                  </f>
                  <f name="cas">
                    <sym value="nom"/>
                  </f>
                  <f name="cat">
                    <sym value="sn"/>
                  </f>
                  <f name="def">
                    <sym value="1"/>
                  </f>
                  <f name="fg">
                    <sym value="sujet"/>
                  </f>
                  <f name="gen">
                    <sym value="m"/>
                  </f>
                  <f name="hum">
                    <sym value="h_0"/>
                  </f>
                  <f name="i">
                    <sym varname="C0"/>
                  </f>
                  <f name="npro">
                    <sym value="0"/>
                  </f>
                  <f name="num">
                    <sym value="sg"/>
                  </f>
                </fs>
              </narg>
            </node>
            <narg>
              <fs>
                <f name="cat">
                  <sym value="advd"/>
                </f>
                <f name="e">
                  <sym varname="F0"/>
                </f>
              </fs>
            </narg>
          </node>
          <node type="std">
            <node type="std">
              <node type="std">
                <node type="lex" value="فِي">
                  <narg>
                    <fs>
                      <f name="cat">
                        <sym value="فِي"/>
                      </f>
                    </fs>
                  </narg>
                </node>
                <narg>
                  <fs>
                    <f name="cat">
                      <sym value="p"/>
                    </f>
                  </fs>
                </narg>
              </node>
              <node type="std">
                <node type="std">
                  <node type="lex" value="ال">
                    <narg>
                      <fs>
                        <f name="cat">
                          <sym value="ال"/>
                        </f>
                      </fs>
                    </narg>
                  </node>
                  <narg>
                    <fs>
                      <f name="cat">
                        <sym value="proc_def"/>
                      </f>
                      <f name="def">
                        <sym value="0"/>
                      </f>
                      <f name="npro">
                        <sym value="0"/>
                      </f>
                      <f name="oclit">
                        <sym value="o_0"/>
                      </f>
                    </fs>
                  </narg>
                </node>
                <node type="std">
                  <node type="lex" value="حَرب">
                    <narg>
                      <fs>
                        <f name="cat">
                          <sym value="حَرب"/>
                        </f>
                      </fs>
                    </narg>
                  </node>
                  <narg>
                    <fs>
                      <f name="anime">
                        <sym value="a_0"/>
                      </f>
                      <f name="cas">
                        <sym value="gen"/>
                      </f>
                      <f name="cat">
                        <sym value="sn"/>
                      </f>
                      <f name="def">
                        <sym value="0"/>
                      </f>
                      <f name="gen">
                        <sym value="m"/>
                      </f>
                      <f name="hum">
                        <sym value="h_0"/>
                      </f>
                      <f name="i">
                        <sym varname="A0"/>
                      </f>
                      <f name="npro">
                        <sym value="0"/>
                      </f>
                      <f name="num">
                        <sym value="sg"/>
                      </f>
                      <f name="oclit">
                        <sym value="o_0"/>
                      </f>
                      <f name="subcat">
                        <sym value="sn_com"/>
                      </f>
                    </fs>
                  </narg>
                </node>
                <narg>
                  <fs>
                    <f name="anime">
                      <sym value="a_0"/>
                    </f>
                    <f name="cas">
                      <sym value="gen"/>
                    </f>
                    <f name="cat">
                      <sym value="sn"/>
                    </f>
                    <f name="def">
                      <sym value="1"/>
                    </f>
                    <f name="fg">
                      <sym value="objet1"/>
                    </f>
                    <f name="gen">
                      <sym value="m"/>
                    </f>
                    <f name="hum">
                      <sym value="h_0"/>
                    </f>
                    <f name="i">
                      <sym varname="A0"/>
                    </f>
                    <f name="npro">
                      <sym value="0"/>
                    </f>
                    <f name="num">
                      <sym value="sg"/>
                    </f>
                    <f name="subcat">
                      <sym value="sn_def"/>
                    </f>
                  </fs>
                </narg>
              </node>
              <narg>
                <fs>
                  <f name="cat">
                    <sym value="sp"/>
                  </f>
                  <f name="fgtype">
                    <sym value="indirect"/>
                  </f>
                  <f name="i">
                    <sym varname="A0"/>
                  </f>
                </fs>
              </narg>
            </node>
            <narg>
              <fs>
                <f name="cat">
                  <sym value="advd"/>
                </f>
                <f name="e">
                  <sym varname="F0"/>
                </f>
              </fs>
            </narg>
          </node>
          <narg>
            <fs>
              <f name="cat">
                <sym value="advg"/>
              </f>
              <f name="e">
                <sym varname="F0"/>
              </f>
            </fs>
          </narg>
        </node>
        <narg>
          <fs>
            <f name="aspect">
              <sym value="acco"/>
            </f>
            <f name="cat">
              <sym value="sv"/>
            </f>
            <f name="e">
              <sym varname="F0"/>
            </f>
            <f name="gen">
              <sym value="m"/>
            </f>
            <f name="genA">
              <sym varname="X1630420725_7"/>
            </f>
            <f name="mode">
              <sym value="ind"/>
            </f>
            <f name="num">
              <sym value="sg"/>
            </f>
            <f name="numA">
              <sym varname="X1630420725_8"/>
            </f>
            <f name="oclit">
              <sym value="o_0"/>
            </f>
            <f name="suj">
              <sym value="s_1"/>
            </f>
            <f name="voix">
              <sym value="act"/>
            </f>
          </fs>
        </narg>
      </node>
    </derivedTree>
    <semantics/>
    <specified_semantics/>
    <frame>
      <fs coref="F0">
        <ctype>
          <type val="event"/>
          <type val="causality"/>
        </ctype>
        <f name="FE2">
          <fs coref="E0">
            <ctype>
              <type val="theme"/>
              <type val="undergoer"/>
            </ctype>
            <f name="subFrame">
              <fs coref="A0">
                <ctype>
                  <type val="abstract"/>
                  <type val="selRestr"/>
                </ctype>
                <f name="val">
                  <sym value="حَرب"/>
                </f>
              </fs>
            </f>
          </fs>
        </f>
        <f name="FE1">
          <fs coref="D0">
            <ctype>
              <type val="theme"/>
              <type val="undergoer"/>
            </ctype>
            <f name="subFrame">
              <fs coref="C0">
                <ctype>
                  <type val="abstract"/>
                  <type val="selRestr"/>
                </ctype>
                <f name="val">
                  <sym value="نِّزَاع"/>
                </f>
                <f name="adjective">
                  <sym value="حدود"/>
                </f>
              </fs>
            </f>
          </fs>
        </f>
      </fs>
    </frame>
  </parse>
</parses>
