<?xml version="1.0" encoding="UTF-8" standalone="no"?>
<!DOCTYPE parses SYSTEM "tulipa-parses.dtd,xml">
<parses sentence="عَزم ال جَيْشُ أَنْ يَخُوضَ ال حَرْبَ">
  <parse>
    <derivationTree>
      <tree id="TransitifActif_470--عَزم1--28">
        <tree id="NomCommun_10--جَيْشُ3--1" node="1.2.1" op="subst">
          <tree id="ProcEnc_0--ال2--0" node="1" op="subst"/>
        </tree>
        <tree id="TransitifActif_518--يَخُوضَ5--76" node="1.3.1" op="subst">
          <tree id="ProcEnc_3--أَنْ4--3" node="1.1.1" op="adj"/>
          <tree id="NomCommun_10--حَرْبَ7--1" node="1.2.1" op="subst">
            <tree id="ProcEnc_0--ال6--0" node="1" op="subst"/>
          </tree>
        </tree>
      </tree>
    </derivationTree>
    <derivedTree>
      <node type="std">
        <node type="std">
          <node type="std">
            <node type="std">
              <node type="lex" value="عَزم">
                <narg>
                  <fs>
                    <f name="cat">
                      <sym value="عَزم"/>
                    </f>
                  </fs>
                </narg>
              </node>
              <narg>
                <fs>
                  <f name="aspect">
                    <sym value="acco"/>
                  </f>
                  <f name="cat">
                    <sym value="v"/>
                  </f>
                  <f name="def">
                    <sym value="0"/>
                  </f>
                  <f name="e">
                    <sym varname="H0"/>
                  </f>
                  <f name="gen">
                    <sym value="m"/>
                  </f>
                  <f name="genA">
                    <sym varname="X876287236_8"/>
                  </f>
                  <f name="mode">
                    <sym value="ind"/>
                  </f>
                  <f name="npro">
                    <sym value="0"/>
                  </f>
                  <f name="num">
                    <sym value="sg"/>
                  </f>
                  <f name="numA">
                    <sym varname="X876287236_9"/>
                  </f>
                  <f name="oclit">
                    <sym value="o_0"/>
                  </f>
                  <f name="pclit">
                    <sym value="p_0"/>
                  </f>
                  <f name="pers">
                    <sym value="4"/>
                  </f>
                  <f name="suj">
                    <sym value="s_1"/>
                  </f>
                  <f name="voix">
                    <sym value="act"/>
                  </f>
                </fs>
              </narg>
            </node>
            <narg>
              <fs>
                <f name="cat">
                  <sym value="advd"/>
                </f>
              </fs>
            </narg>
          </node>
          <node type="std">
            <node type="std">
              <node type="std">
                <node type="lex" value="ال">
                  <narg>
                    <fs>
                      <f name="cat">
                        <sym value="ال"/>
                      </f>
                    </fs>
                  </narg>
                </node>
                <narg>
                  <fs>
                    <f name="cat">
                      <sym value="proc_def"/>
                    </f>
                    <f name="def">
                      <sym value="0"/>
                    </f>
                    <f name="npro">
                      <sym value="0"/>
                    </f>
                    <f name="oclit">
                      <sym value="o_0"/>
                    </f>
                  </fs>
                </narg>
              </node>
              <node type="std">
                <node type="lex" value="جَيْشُ">
                  <narg>
                    <fs>
                      <f name="cat">
                        <sym value="جَيْشُ"/>
                      </f>
                    </fs>
                  </narg>
                </node>
                <narg>
                  <fs>
                    <f name="anime">
                      <sym value="a_1"/>
                    </f>
                    <f name="cas">
                      <sym value="nom"/>
                    </f>
                    <f name="cat">
                      <sym value="sn"/>
                    </f>
                    <f name="def">
                      <sym value="0"/>
                    </f>
                    <f name="gen">
                      <sym value="m"/>
                    </f>
                    <f name="hum">
                      <sym value="h_1"/>
                    </f>
                    <f name="i">
                      <sym varname="E0"/>
                    </f>
                    <f name="npro">
                      <sym value="0"/>
                    </f>
                    <f name="num">
                      <sym value="sg"/>
                    </f>
                    <f name="oclit">
                      <sym value="o_0"/>
                    </f>
                    <f name="subcat">
                      <sym value="sn_com"/>
                    </f>
                  </fs>
                </narg>
              </node>
              <narg>
                <fs>
                  <f name="anime">
                    <sym value="a_1"/>
                  </f>
                  <f name="cas">
                    <sym value="nom"/>
                  </f>
                  <f name="cat">
                    <sym value="sn"/>
                  </f>
                  <f name="def">
                    <sym value="1"/>
                  </f>
                  <f name="fg">
                    <sym value="sujet"/>
                  </f>
                  <f name="gen">
                    <sym value="m"/>
                  </f>
                  <f name="hum">
                    <sym value="h_1"/>
                  </f>
                  <f name="i">
                    <sym varname="E0"/>
                  </f>
                  <f name="npro">
                    <sym value="0"/>
                  </f>
                  <f name="num">
                    <sym value="sg"/>
                  </f>
                  <f name="subcat">
                    <sym value="sn_def"/>
                  </f>
                </fs>
              </narg>
            </node>
            <narg>
              <fs>
                <f name="cat">
                  <sym value="advd"/>
                </f>
                <f name="e">
                  <sym varname="H0"/>
                </f>
              </fs>
            </narg>
          </node>
          <node type="std">
            <node type="std">
              <node type="std">
                <node type="std">
                  <node type="std">
                    <node type="std">
                      <node type="lex" value="أَنْ">
                        <narg>
                          <fs>
                            <f name="cat">
                              <sym value="أَنْ"/>
                            </f>
                          </fs>
                        </narg>
                      </node>
                      <narg>
                        <fs>
                          <f name="cat">
                            <sym value="proc_v"/>
                          </f>
                          <f name="def">
                            <sym value="0"/>
                          </f>
                          <f name="e">
                            <sym varname="D0"/>
                          </f>
                          <f name="mode">
                            <sym value="sub"/>
                          </f>
                          <f name="npro">
                            <sym value="0"/>
                          </f>
                          <f name="oclit">
                            <sym value="o_0"/>
                          </f>
                        </fs>
                      </narg>
                    </node>
                    <node type="std">
                      <node type="lex" value="يَخُوضَ">
                        <narg>
                          <fs>
                            <f name="cat">
                              <sym value="يَخُوضَ"/>
                            </f>
                          </fs>
                        </narg>
                      </node>
                      <narg>
                        <fs>
                          <f name="aspect">
                            <sym value="inacco"/>
                          </f>
                          <f name="cat">
                            <sym value="v"/>
                          </f>
                          <f name="def">
                            <sym value="0"/>
                          </f>
                          <f name="e">
                            <sym varname="D0"/>
                          </f>
                          <f name="gen">
                            <sym value="m"/>
                          </f>
                          <f name="mode">
                            <sym value="sub"/>
                          </f>
                          <f name="npro">
                            <sym value="0"/>
                          </f>
                          <f name="num">
                            <sym value="sg"/>
                          </f>
                          <f name="oclit">
                            <sym value="o_0"/>
                          </f>
                          <f name="pclit">
                            <sym value="p_0"/>
                          </f>
                          <f name="pers">
                            <sym value="4"/>
                          </f>
                          <f name="suj">
                            <sym value="s_0"/>
                          </f>
                          <f name="voix">
                            <sym value="act"/>
                          </f>
                        </fs>
                      </narg>
                    </node>
                    <narg>
                      <fs>
                        <f name="aspect">
                          <sym value="inacco"/>
                        </f>
                        <f name="cat">
                          <sym value="v"/>
                        </f>
                        <f name="e">
                          <sym varname="D0"/>
                        </f>
                        <f name="gen">
                          <sym value="m"/>
                        </f>
                        <f name="genA">
                          <sym varname="X1995002382_8"/>
                        </f>
                        <f name="mode">
                          <sym value="sub"/>
                        </f>
                        <f name="num">
                          <sym value="sg"/>
                        </f>
                        <f name="numA">
                          <sym varname="X1995002382_9"/>
                        </f>
                        <f name="oclit">
                          <sym value="o_0"/>
                        </f>
                        <f name="pclit">
                          <sym value="p_1"/>
                        </f>
                        <f name="voix">
                          <sym value="act"/>
                        </f>
                      </fs>
                    </narg>
                  </node>
                  <narg>
                    <fs>
                      <f name="cat">
                        <sym value="advd"/>
                      </f>
                    </fs>
                  </narg>
                </node>
                <node type="std">
                  <node type="std">
                    <node type="std">
                      <node type="lex" value="ال">
                        <narg>
                          <fs>
                            <f name="cat">
                              <sym value="ال"/>
                            </f>
                          </fs>
                        </narg>
                      </node>
                      <narg>
                        <fs>
                          <f name="cat">
                            <sym value="proc_def"/>
                          </f>
                          <f name="def">
                            <sym value="0"/>
                          </f>
                          <f name="npro">
                            <sym value="0"/>
                          </f>
                          <f name="oclit">
                            <sym value="o_0"/>
                          </f>
                        </fs>
                      </narg>
                    </node>
                    <node type="std">
                      <node type="lex" value="حَرْبَ">
                        <narg>
                          <fs>
                            <f name="cat">
                              <sym value="حَرْبَ"/>
                            </f>
                          </fs>
                        </narg>
                      </node>
                      <narg>
                        <fs>
                          <f name="anime">
                            <sym value="a_0"/>
                          </f>
                          <f name="cas">
                            <sym value="acc"/>
                          </f>
                          <f name="cat">
                            <sym value="sn"/>
                          </f>
                          <f name="def">
                            <sym value="0"/>
                          </f>
                          <f name="gen">
                            <sym value="f"/>
                          </f>
                          <f name="hum">
                            <sym value="h_0"/>
                          </f>
                          <f name="i">
                            <sym varname="B0"/>
                          </f>
                          <f name="npro">
                            <sym value="0"/>
                          </f>
                          <f name="num">
                            <sym value="sg"/>
                          </f>
                          <f name="oclit">
                            <sym value="o_0"/>
                          </f>
                          <f name="subcat">
                            <sym value="sn_com"/>
                          </f>
                        </fs>
                      </narg>
                    </node>
                    <narg>
                      <fs>
                        <f name="anime">
                          <sym value="a_0"/>
                        </f>
                        <f name="cas">
                          <sym value="acc"/>
                        </f>
                        <f name="cat">
                          <sym value="sn"/>
                        </f>
                        <f name="def">
                          <sym value="1"/>
                        </f>
                        <f name="fg">
                          <sym value="objet1"/>
                        </f>
                        <f name="fgtype">
                          <sym value="direct"/>
                        </f>
                        <f name="gen">
                          <sym value="f"/>
                        </f>
                        <f name="hum">
                          <sym value="h_0"/>
                        </f>
                        <f name="i">
                          <sym varname="B0"/>
                        </f>
                        <f name="npro">
                          <sym value="0"/>
                        </f>
                        <f name="num">
                          <sym value="sg"/>
                        </f>
                        <f name="subcat">
                          <sym value="sn_def"/>
                        </f>
                      </fs>
                    </narg>
                  </node>
                  <narg>
                    <fs>
                      <f name="cat">
                        <sym value="advd"/>
                      </f>
                      <f name="e">
                        <sym varname="D0"/>
                      </f>
                    </fs>
                  </narg>
                </node>
                <narg>
                  <fs>
                    <f name="cat">
                      <sym value="advg"/>
                    </f>
                  </fs>
                </narg>
              </node>
              <narg>
                <fs>
                  <f name="aspect">
                    <sym value="inacco"/>
                  </f>
                  <f name="cat">
                    <sym value="sv"/>
                  </f>
                  <f name="fg">
                    <sym value="objet1"/>
                  </f>
                  <f name="fgtype">
                    <sym value="direct"/>
                  </f>
                  <f name="gen">
                    <sym value="m"/>
                  </f>
                  <f name="genA">
                    <sym varname="X1995002382_8"/>
                  </f>
                  <f name="i">
                    <sym varname="D0"/>
                  </f>
                  <f name="mode">
                    <sym value="sub"/>
                  </f>
                  <f name="num">
                    <sym value="sg"/>
                  </f>
                  <f name="numA">
                    <sym varname="X1995002382_9"/>
                  </f>
                  <f name="oclit">
                    <sym value="o_0"/>
                  </f>
                  <f name="suj">
                    <sym value="s_0"/>
                  </f>
                  <f name="voix">
                    <sym value="act"/>
                  </f>
                </fs>
              </narg>
            </node>
            <narg>
              <fs>
                <f name="cat">
                  <sym value="advd"/>
                </f>
                <f name="e">
                  <sym varname="H0"/>
                </f>
              </fs>
            </narg>
          </node>
          <narg>
            <fs>
              <f name="cat">
                <sym value="advg"/>
              </f>
            </fs>
          </narg>
        </node>
        <narg>
          <fs>
            <f name="aspect">
              <sym value="acco"/>
            </f>
            <f name="cat">
              <sym value="sv"/>
            </f>
            <f name="gen">
              <sym value="m"/>
            </f>
            <f name="genA">
              <sym varname="X876287236_8"/>
            </f>
            <f name="i">
              <sym varname="H0"/>
            </f>
            <f name="mode">
              <sym value="ind"/>
            </f>
            <f name="num">
              <sym value="sg"/>
            </f>
            <f name="numA">
              <sym varname="X876287236_9"/>
            </f>
            <f name="oclit">
              <sym value="o_0"/>
            </f>
            <f name="suj">
              <sym value="s_1"/>
            </f>
            <f name="voix">
              <sym value="act"/>
            </f>
          </fs>
        </narg>
      </node>
    </derivedTree>
    <semantics/>
    <specified_semantics/>
    <frame>
      <fs coref="H0">
        <ctype>
          <type val="desire"/>
          <type val="event"/>
        </ctype>
        <f name="FE2">
          <fs coref="G0">
            <ctype>
              <type val="theme"/>
              <type val="undergoer"/>
            </ctype>
            <f name="subFrame">
              <fs coref="D0">
                <ctype>
                  <type val="event"/>
                </ctype>
                <f name="FE2">
                  <fs coref="C0">
                    <ctype>
                      <type val="theme"/>
                      <type val="undergoer"/>
                    </ctype>
                    <f name="subFrame">
                      <fs coref="B0">
                        <ctype>
                          <type val="abstract"/>
                          <type val="selRestr"/>
                        </ctype>
                        <f name="val">
                          <sym value="حَرْبَ"/>
                        </f>
                      </fs>
                    </f>
                  </fs>
                </f>
                <f name="FE1">
                  <fs coref="A0">
                    <ctype>
                      <type val="patient"/>
                      <type val="undergoer"/>
                      <type val="experiencer"/>
                    </ctype>
                    <f name="subFrame">
                      <sym varname="D0"/>
                    </f>
                  </fs>
                </f>
              </fs>
            </f>
          </fs>
        </f>
        <f name="FE1">
          <fs coref="F0">
            <ctype>
              <type val="patient"/>
              <type val="undergoer"/>
              <type val="experiencer"/>
            </ctype>
            <f name="subFrame">
              <fs coref="E0">
                <ctype>
                  <type val="concrete"/>
                  <type val="natural"/>
                  <type val="animate"/>
                  <type val="human"/>
                  <type val="selRestr"/>
                </ctype>
                <f name="val">
                  <sym value="جَيْش"/>
                </f>
              </fs>
            </f>
          </fs>
        </f>
      </fs>
    </frame>
  </parse>
</parses>
