<?xml version="1.0" encoding="UTF-8" standalone="no"?>
<!DOCTYPE parses SYSTEM "tulipa-parses.dtd,xml">
<parses sentence="تَحَالفَت سُوريَا مَعَ إِيرَان ضِدَّ إِسْرَائِيل">
  <parse>
    <derivationTree>
      <tree id="DiTransitifActif_707--تَحَالفَت1--167">
        <tree id="NomCommun_9--سُوريَا2--0" node="1.2.1" op="subst"/>
        <tree id="NomPropre_11--إِيرَان4--0" node="1.3.1.2" op="subst"/>
        <tree id="NomPropre_11--إِسْرَائِيل6--0" node="1.4.1.2" op="subst"/>
      </tree>
    </derivationTree>
    <derivedTree>
      <node type="std">
        <node type="std">
          <node type="std">
            <node type="std">
              <node type="lex" value="تَحَالفَت">
                <narg>
                  <fs>
                    <f name="cat">
                      <sym value="تَحَالفَت"/>
                    </f>
                  </fs>
                </narg>
              </node>
              <narg>
                <fs>
                  <f name="aspect">
                    <sym value="acco"/>
                  </f>
                  <f name="cat">
                    <sym value="v"/>
                  </f>
                  <f name="def">
                    <sym value="0"/>
                  </f>
                  <f name="e">
                    <sym varname="G0"/>
                  </f>
                  <f name="gen">
                    <sym value="f"/>
                  </f>
                  <f name="genA">
                    <sym varname="X1985961084_7"/>
                  </f>
                  <f name="mode">
                    <sym value="ind"/>
                  </f>
                  <f name="npro">
                    <sym value="0"/>
                  </f>
                  <f name="num">
                    <sym value="sg"/>
                  </f>
                  <f name="numA">
                    <sym varname="X1985961084_8"/>
                  </f>
                  <f name="oclit">
                    <sym value="o_0"/>
                  </f>
                  <f name="pclit">
                    <sym value="p_0"/>
                  </f>
                  <f name="pers">
                    <sym value="5"/>
                  </f>
                  <f name="suj">
                    <sym value="s_1"/>
                  </f>
                  <f name="voix">
                    <sym value="act"/>
                  </f>
                </fs>
              </narg>
            </node>
            <narg>
              <fs>
                <f name="cat">
                  <sym value="advd"/>
                </f>
                <f name="e">
                  <sym varname="G0"/>
                </f>
              </fs>
            </narg>
          </node>
          <node type="std">
            <node type="std">
              <node type="lex" value="سُوريَا">
                <narg>
                  <fs>
                    <f name="cat">
                      <sym value="سُوريَا"/>
                    </f>
                  </fs>
                </narg>
              </node>
              <narg>
                <fs>
                  <f name="anime">
                    <sym value="a_0"/>
                  </f>
                  <f name="cas">
                    <sym value="nom"/>
                  </f>
                  <f name="cat">
                    <sym value="sn"/>
                  </f>
                  <f name="def">
                    <sym value="0"/>
                  </f>
                  <f name="fg">
                    <sym value="sujet"/>
                  </f>
                  <f name="gen">
                    <sym value="f"/>
                  </f>
                  <f name="hum">
                    <sym value="h_0"/>
                  </f>
                  <f name="i">
                    <sym varname="A0"/>
                  </f>
                  <f name="npro">
                    <sym value="0"/>
                  </f>
                  <f name="num">
                    <sym value="sg"/>
                  </f>
                  <f name="oclit">
                    <sym value="o_0"/>
                  </f>
                  <f name="subcat">
                    <sym value="sn_com"/>
                  </f>
                </fs>
              </narg>
            </node>
            <narg>
              <fs>
                <f name="cat">
                  <sym value="advd"/>
                </f>
                <f name="e">
                  <sym varname="G0"/>
                </f>
              </fs>
            </narg>
          </node>
          <node type="std">
            <node type="std">
              <node type="std">
                <node type="lex" value="مَعَ">
                  <narg>
                    <fs>
                      <f name="cat">
                        <sym value="مَعَ"/>
                      </f>
                    </fs>
                  </narg>
                </node>
                <narg>
                  <fs>
                    <f name="cat">
                      <sym value="p"/>
                    </f>
                  </fs>
                </narg>
              </node>
              <node type="std">
                <node type="lex" value="إِيرَان">
                  <narg>
                    <fs>
                      <f name="cat">
                        <sym value="إِيرَان"/>
                      </f>
                    </fs>
                  </narg>
                </node>
                <narg>
                  <fs>
                    <f name="anime">
                      <sym value="a_0"/>
                    </f>
                    <f name="cas">
                      <sym value="gen"/>
                    </f>
                    <f name="cat">
                      <sym value="sn"/>
                    </f>
                    <f name="def">
                      <sym value="0"/>
                    </f>
                    <f name="fg">
                      <sym value="objet1"/>
                    </f>
                    <f name="gen">
                      <sym value="f"/>
                    </f>
                    <f name="hum">
                      <sym value="h_0"/>
                    </f>
                    <f name="i">
                      <sym varname="B0"/>
                    </f>
                    <f name="npro">
                      <sym value="1"/>
                    </f>
                    <f name="num">
                      <sym value="sg"/>
                    </f>
                    <f name="oclit">
                      <sym value="o_0"/>
                    </f>
                    <f name="subcat">
                      <sym value="nom_prop"/>
                    </f>
                  </fs>
                </narg>
              </node>
              <narg>
                <fs>
                  <f name="cat">
                    <sym value="sp"/>
                  </f>
                  <f name="fg">
                    <sym value="objet1"/>
                  </f>
                  <f name="fgtype">
                    <sym value="indirect"/>
                  </f>
                  <f name="i">
                    <sym varname="B0"/>
                  </f>
                </fs>
              </narg>
            </node>
            <narg>
              <fs>
                <f name="cat">
                  <sym value="advd"/>
                </f>
                <f name="e">
                  <sym varname="G0"/>
                </f>
              </fs>
            </narg>
          </node>
          <node type="std">
            <node type="std">
              <node type="std">
                <node type="lex" value="ضِدَّ">
                  <narg>
                    <fs>
                      <f name="cat">
                        <sym value="ضِدَّ"/>
                      </f>
                    </fs>
                  </narg>
                </node>
                <narg>
                  <fs>
                    <f name="cat">
                      <sym value="p"/>
                    </f>
                  </fs>
                </narg>
              </node>
              <node type="std">
                <node type="lex" value="إِسْرَائِيل">
                  <narg>
                    <fs>
                      <f name="cat">
                        <sym value="إِسْرَائِيل"/>
                      </f>
                    </fs>
                  </narg>
                </node>
                <narg>
                  <fs>
                    <f name="anime">
                      <sym value="a_0"/>
                    </f>
                    <f name="cas">
                      <sym value="gen"/>
                    </f>
                    <f name="cat">
                      <sym value="sn"/>
                    </f>
                    <f name="def">
                      <sym value="0"/>
                    </f>
                    <f name="fg">
                      <sym value="objet2"/>
                    </f>
                    <f name="gen">
                      <sym value="f"/>
                    </f>
                    <f name="hum">
                      <sym value="h_0"/>
                    </f>
                    <f name="i">
                      <sym varname="C0"/>
                    </f>
                    <f name="npro">
                      <sym value="1"/>
                    </f>
                    <f name="num">
                      <sym value="sg"/>
                    </f>
                    <f name="oclit">
                      <sym value="o_0"/>
                    </f>
                    <f name="subcat">
                      <sym value="nom_prop"/>
                    </f>
                  </fs>
                </narg>
              </node>
              <narg>
                <fs>
                  <f name="cat">
                    <sym value="sp"/>
                  </f>
                  <f name="fg">
                    <sym value="objet2"/>
                  </f>
                  <f name="fgtype">
                    <sym value="indirect"/>
                  </f>
                  <f name="i">
                    <sym varname="C0"/>
                  </f>
                </fs>
              </narg>
            </node>
            <narg>
              <fs>
                <f name="cat">
                  <sym value="advd"/>
                </f>
                <f name="e">
                  <sym varname="G0"/>
                </f>
              </fs>
            </narg>
          </node>
          <narg>
            <fs>
              <f name="cat">
                <sym value="advg"/>
              </f>
              <f name="e">
                <sym varname="G0"/>
              </f>
            </fs>
          </narg>
        </node>
        <narg>
          <fs>
            <f name="aspect">
              <sym value="acco"/>
            </f>
            <f name="cat">
              <sym value="sv"/>
            </f>
            <f name="e">
              <sym varname="G0"/>
            </f>
            <f name="gen">
              <sym value="f"/>
            </f>
            <f name="genA">
              <sym varname="X1985961084_7"/>
            </f>
            <f name="mode">
              <sym value="ind"/>
            </f>
            <f name="num">
              <sym value="sg"/>
            </f>
            <f name="numA">
              <sym varname="X1985961084_8"/>
            </f>
            <f name="oclit">
              <sym value="o_0"/>
            </f>
            <f name="suj">
              <sym value="s_1"/>
            </f>
            <f name="voix">
              <sym value="act"/>
            </f>
          </fs>
        </narg>
      </node>
    </derivedTree>
    <semantics/>
    <specified_semantics/>
    <frame>
      <fs coref="G0">
        <ctype>
          <type val="interaction"/>
          <type val="event"/>
        </ctype>
        <f name="FE3">
          <fs coref="F0">
            <ctype>
              <type val="theme"/>
              <type val="undergoer"/>
            </ctype>
            <f name="subFrame">
              <fs coref="C0">
                <ctype>
                  <type val="concrete"/>
                  <type val="natural"/>
                  <type val="organization"/>
                  <type val="nonhuman"/>
                  <type val="animate"/>
                  <type val="selRestr"/>
                </ctype>
                <f name="nameProp">
                  <sym value="إِسْرَائِيل"/>
                </f>
              </fs>
            </f>
          </fs>
        </f>
        <f name="FE2">
          <fs coref="E0">
            <ctype>
              <type val="actor"/>
            </ctype>
            <f name="subFrame">
              <fs coref="B0">
                <ctype>
                  <type val="concrete"/>
                  <type val="natural"/>
                  <type val="organization"/>
                  <type val="nonhuman"/>
                  <type val="animate"/>
                  <type val="selRestr"/>
                </ctype>
                <f name="nameProp">
                  <sym value="إِيرَان"/>
                </f>
              </fs>
            </f>
          </fs>
        </f>
        <f name="FE1">
          <fs coref="D0">
            <ctype>
              <type val="actor"/>
            </ctype>
            <f name="subFrame">
              <fs coref="A0">
                <ctype>
                  <type val="concrete"/>
                  <type val="natural"/>
                  <type val="organization"/>
                  <type val="nonhuman"/>
                  <type val="animate"/>
                  <type val="selRestr"/>
                </ctype>
                <f name="val">
                  <sym value="سُوريَا"/>
                </f>
              </fs>
            </f>
          </fs>
        </f>
      </fs>
    </frame>
  </parse>
  <parse>
    <derivationTree>
      <tree id="DiTransitifActif_707--تَحَالفَت1--167">
        <tree id="NomCommun_9--سُوريَا2--0" node="1.2.1" op="subst"/>
        <tree id="NomPropre_11--إِيرَان4--0" node="1.3.1.2" op="subst"/>
        <tree id="NomPropre_11--إِسْرَائِيل6--0" node="1.4.1.2" op="subst"/>
      </tree>
    </derivationTree>
    <derivedTree>
      <node type="std">
        <node type="std">
          <node type="std">
            <node type="std">
              <node type="lex" value="تَحَالفَت">
                <narg>
                  <fs>
                    <f name="cat">
                      <sym value="تَحَالفَت"/>
                    </f>
                  </fs>
                </narg>
              </node>
              <narg>
                <fs>
                  <f name="aspect">
                    <sym value="acco"/>
                  </f>
                  <f name="cat">
                    <sym value="v"/>
                  </f>
                  <f name="def">
                    <sym value="0"/>
                  </f>
                  <f name="e">
                    <sym varname="H0"/>
                  </f>
                  <f name="gen">
                    <sym value="f"/>
                  </f>
                  <f name="genA">
                    <sym varname="X353607932_7"/>
                  </f>
                  <f name="mode">
                    <sym value="ind"/>
                  </f>
                  <f name="npro">
                    <sym value="0"/>
                  </f>
                  <f name="num">
                    <sym value="sg"/>
                  </f>
                  <f name="numA">
                    <sym varname="X353607932_8"/>
                  </f>
                  <f name="oclit">
                    <sym value="o_0"/>
                  </f>
                  <f name="pclit">
                    <sym value="p_0"/>
                  </f>
                  <f name="pers">
                    <sym value="5"/>
                  </f>
                  <f name="suj">
                    <sym value="s_1"/>
                  </f>
                  <f name="voix">
                    <sym value="act"/>
                  </f>
                </fs>
              </narg>
            </node>
            <narg>
              <fs>
                <f name="cat">
                  <sym value="advd"/>
                </f>
                <f name="e">
                  <sym varname="H0"/>
                </f>
              </fs>
            </narg>
          </node>
          <node type="std">
            <node type="std">
              <node type="lex" value="سُوريَا">
                <narg>
                  <fs>
                    <f name="cat">
                      <sym value="سُوريَا"/>
                    </f>
                  </fs>
                </narg>
              </node>
              <narg>
                <fs>
                  <f name="anime">
                    <sym value="a_0"/>
                  </f>
                  <f name="cas">
                    <sym value="nom"/>
                  </f>
                  <f name="cat">
                    <sym value="sn"/>
                  </f>
                  <f name="def">
                    <sym value="0"/>
                  </f>
                  <f name="fg">
                    <sym value="sujet"/>
                  </f>
                  <f name="gen">
                    <sym value="f"/>
                  </f>
                  <f name="hum">
                    <sym value="h_0"/>
                  </f>
                  <f name="i">
                    <sym varname="A0"/>
                  </f>
                  <f name="npro">
                    <sym value="0"/>
                  </f>
                  <f name="num">
                    <sym value="sg"/>
                  </f>
                  <f name="oclit">
                    <sym value="o_0"/>
                  </f>
                  <f name="subcat">
                    <sym value="sn_com"/>
                  </f>
                </fs>
              </narg>
            </node>
            <narg>
              <fs>
                <f name="cat">
                  <sym value="advd"/>
                </f>
                <f name="e">
                  <sym varname="H0"/>
                </f>
              </fs>
            </narg>
          </node>
          <node type="std">
            <node type="std">
              <node type="std">
                <node type="lex" value="مَعَ">
                  <narg>
                    <fs>
                      <f name="cat">
                        <sym value="مَعَ"/>
                      </f>
                    </fs>
                  </narg>
                </node>
                <narg>
                  <fs>
                    <f name="cat">
                      <sym value="p"/>
                    </f>
                  </fs>
                </narg>
              </node>
              <node type="std">
                <node type="lex" value="إِيرَان">
                  <narg>
                    <fs>
                      <f name="cat">
                        <sym value="إِيرَان"/>
                      </f>
                    </fs>
                  </narg>
                </node>
                <narg>
                  <fs>
                    <f name="anime">
                      <sym value="a_0"/>
                    </f>
                    <f name="cas">
                      <sym value="gen"/>
                    </f>
                    <f name="cat">
                      <sym value="sn"/>
                    </f>
                    <f name="def">
                      <sym value="0"/>
                    </f>
                    <f name="fg">
                      <sym value="objet1"/>
                    </f>
                    <f name="gen">
                      <sym value="f"/>
                    </f>
                    <f name="hum">
                      <sym value="h_0"/>
                    </f>
                    <f name="i">
                      <sym varname="B0"/>
                    </f>
                    <f name="npro">
                      <sym value="1"/>
                    </f>
                    <f name="num">
                      <sym value="sg"/>
                    </f>
                    <f name="oclit">
                      <sym value="o_0"/>
                    </f>
                    <f name="subcat">
                      <sym value="nom_prop"/>
                    </f>
                  </fs>
                </narg>
              </node>
              <narg>
                <fs>
                  <f name="cat">
                    <sym value="sp"/>
                  </f>
                  <f name="fg">
                    <sym value="objet1"/>
                  </f>
                  <f name="fgtype">
                    <sym value="indirect"/>
                  </f>
                  <f name="i">
                    <sym varname="B0"/>
                  </f>
                </fs>
              </narg>
            </node>
            <narg>
              <fs>
                <f name="cat">
                  <sym value="advd"/>
                </f>
                <f name="e">
                  <sym varname="H0"/>
                </f>
              </fs>
            </narg>
          </node>
          <node type="std">
            <node type="std">
              <node type="std">
                <node type="lex" value="ضِدَّ">
                  <narg>
                    <fs>
                      <f name="cat">
                        <sym value="ضِدَّ"/>
                      </f>
                    </fs>
                  </narg>
                </node>
                <narg>
                  <fs>
                    <f name="cat">
                      <sym value="p"/>
                    </f>
                  </fs>
                </narg>
              </node>
              <node type="std">
                <node type="lex" value="إِسْرَائِيل">
                  <narg>
                    <fs>
                      <f name="cat">
                        <sym value="إِسْرَائِيل"/>
                      </f>
                    </fs>
                  </narg>
                </node>
                <narg>
                  <fs>
                    <f name="anime">
                      <sym value="a_0"/>
                    </f>
                    <f name="cas">
                      <sym value="gen"/>
                    </f>
                    <f name="cat">
                      <sym value="sn"/>
                    </f>
                    <f name="def">
                      <sym value="0"/>
                    </f>
                    <f name="fg">
                      <sym value="objet2"/>
                    </f>
                    <f name="gen">
                      <sym value="f"/>
                    </f>
                    <f name="hum">
                      <sym value="h_0"/>
                    </f>
                    <f name="i">
                      <sym varname="G0"/>
                    </f>
                    <f name="npro">
                      <sym value="1"/>
                    </f>
                    <f name="num">
                      <sym value="sg"/>
                    </f>
                    <f name="oclit">
                      <sym value="o_0"/>
                    </f>
                    <f name="subcat">
                      <sym value="nom_prop"/>
                    </f>
                  </fs>
                </narg>
              </node>
              <narg>
                <fs>
                  <f name="cat">
                    <sym value="sp"/>
                  </f>
                  <f name="fg">
                    <sym value="objet2"/>
                  </f>
                  <f name="fgtype">
                    <sym value="indirect"/>
                  </f>
                  <f name="i">
                    <sym varname="G0"/>
                  </f>
                </fs>
              </narg>
            </node>
            <narg>
              <fs>
                <f name="cat">
                  <sym value="advd"/>
                </f>
                <f name="e">
                  <sym varname="H0"/>
                </f>
              </fs>
            </narg>
          </node>
          <narg>
            <fs>
              <f name="cat">
                <sym value="advg"/>
              </f>
              <f name="e">
                <sym varname="H0"/>
              </f>
            </fs>
          </narg>
        </node>
        <narg>
          <fs>
            <f name="aspect">
              <sym value="acco"/>
            </f>
            <f name="cat">
              <sym value="sv"/>
            </f>
            <f name="e">
              <sym varname="H0"/>
            </f>
            <f name="gen">
              <sym value="f"/>
            </f>
            <f name="genA">
              <sym varname="X353607932_7"/>
            </f>
            <f name="mode">
              <sym value="ind"/>
            </f>
            <f name="num">
              <sym value="sg"/>
            </f>
            <f name="numA">
              <sym varname="X353607932_8"/>
            </f>
            <f name="oclit">
              <sym value="o_0"/>
            </f>
            <f name="suj">
              <sym value="s_1"/>
            </f>
            <f name="voix">
              <sym value="act"/>
            </f>
          </fs>
        </narg>
      </node>
    </derivedTree>
    <semantics/>
    <specified_semantics/>
    <frame>
      <fs coref="H0">
        <ctype>
          <type val="interaction"/>
          <type val="event"/>
        </ctype>
        <f name="FE3">
          <fs coref="D0">
            <ctype>
              <type val="theme"/>
              <type val="undergoer"/>
            </ctype>
            <f name="subFrame">
              <fs coref="G0">
                <ctype>
                  <type val="concrete"/>
                  <type val="natural"/>
                  <type val="organization"/>
                  <type val="nonhuman"/>
                  <type val="animate"/>
                  <type val="selRestr"/>
                </ctype>
                <f name="nameProp">
                  <sym value="إِسْرَائِيل"/>
                </f>
              </fs>
            </f>
          </fs>
        </f>
        <f name="FE2">
          <fs coref="E0">
            <ctype>
              <type val="actor"/>
            </ctype>
            <f name="subFrame">
              <fs coref="B0">
                <ctype>
                  <type val="concrete"/>
                  <type val="natural"/>
                  <type val="organization"/>
                  <type val="nonhuman"/>
                  <type val="animate"/>
                  <type val="selRestr"/>
                </ctype>
                <f name="nameProp">
                  <sym value="إِيرَان"/>
                </f>
              </fs>
            </f>
          </fs>
        </f>
        <f name="FE1">
          <fs coref="F0">
            <ctype>
              <type val="actor"/>
            </ctype>
            <f name="subFrame">
              <fs coref="A0">
                <ctype>
                  <type val="concrete"/>
                  <type val="natural"/>
                  <type val="organization"/>
                  <type val="nonhuman"/>
                  <type val="animate"/>
                  <type val="selRestr"/>
                </ctype>
                <f name="val">
                  <sym value="سُوريَا"/>
                </f>
              </fs>
            </f>
          </fs>
        </f>
      </fs>
    </frame>
  </parse>
</parses>
