<?xml version="1.0" encoding="UTF-8" standalone="no"?>
<!DOCTYPE parses SYSTEM "tulipa-parses.dtd,xml">
<parses sentence="تَعَلَّمَ ال طَّالِبُ ال جَبْر مِن كِتَاب جَابِر إِبْن حَيَّان">
  <parse>
    <derivationTree>
      <tree id="DiTransitifActif_665--تَعَلَّمَ1--125">
        <tree id="NomCommun_10--طَّالِبُ3--1" node="1.2.1" op="subst">
          <tree id="ProcEnc_0--ال2--0" node="1" op="subst"/>
        </tree>
        <tree id="NomCommun_10--جَبْر5--1" node="1.3.1" op="subst">
          <tree id="ProcEnc_0--ال4--0" node="1" op="subst"/>
        </tree>
        <tree id="NomPropre_11--جَابِر8--0" node="1.4.1.2" op="subst">
          <tree id="SyntagmeAnnex_66--كِتَاب7--0" node="0" op="adj">
            <tree id="SyntagmeAppro_31--حَيَّان10--2" node="0" op="adj">
              <tree id="SyntagmeAnnex_66--إِبْن9--0" node="2" op="adj"/>
            </tree>
          </tree>
        </tree>
      </tree>
    </derivationTree>
    <derivedTree>
      <node type="std">
        <node type="std">
          <node type="std">
            <node type="std">
              <node type="lex" value="تَعَلَّمَ">
                <narg>
                  <fs>
                    <f name="cat">
                      <sym value="تَعَلَّمَ"/>
                    </f>
                  </fs>
                </narg>
              </node>
              <narg>
                <fs>
                  <f name="aspect">
                    <sym value="acco"/>
                  </f>
                  <f name="cat">
                    <sym value="v"/>
                  </f>
                  <f name="def">
                    <sym value="0"/>
                  </f>
                  <f name="e">
                    <sym varname="G0"/>
                  </f>
                  <f name="gen">
                    <sym value="m"/>
                  </f>
                  <f name="genA">
                    <sym varname="X730120204_7"/>
                  </f>
                  <f name="mode">
                    <sym value="ind"/>
                  </f>
                  <f name="npro">
                    <sym value="0"/>
                  </f>
                  <f name="num">
                    <sym value="sg"/>
                  </f>
                  <f name="numA">
                    <sym varname="X730120204_8"/>
                  </f>
                  <f name="oclit">
                    <sym value="o_0"/>
                  </f>
                  <f name="pclit">
                    <sym value="p_0"/>
                  </f>
                  <f name="pers">
                    <sym value="4"/>
                  </f>
                  <f name="suj">
                    <sym value="s_1"/>
                  </f>
                  <f name="voix">
                    <sym value="act"/>
                  </f>
                </fs>
              </narg>
            </node>
            <narg>
              <fs>
                <f name="cat">
                  <sym value="advd"/>
                </f>
                <f name="e">
                  <sym varname="G0"/>
                </f>
              </fs>
            </narg>
          </node>
          <node type="std">
            <node type="std">
              <node type="std">
                <node type="lex" value="ال">
                  <narg>
                    <fs>
                      <f name="cat">
                        <sym value="ال"/>
                      </f>
                    </fs>
                  </narg>
                </node>
                <narg>
                  <fs>
                    <f name="cat">
                      <sym value="proc_def"/>
                    </f>
                    <f name="def">
                      <sym value="0"/>
                    </f>
                    <f name="npro">
                      <sym value="0"/>
                    </f>
                    <f name="oclit">
                      <sym value="o_0"/>
                    </f>
                  </fs>
                </narg>
              </node>
              <node type="std">
                <node type="lex" value="طَّالِبُ">
                  <narg>
                    <fs>
                      <f name="cat">
                        <sym value="طَّالِبُ"/>
                      </f>
                    </fs>
                  </narg>
                </node>
                <narg>
                  <fs>
                    <f name="anime">
                      <sym value="a_1"/>
                    </f>
                    <f name="cas">
                      <sym value="nom"/>
                    </f>
                    <f name="cat">
                      <sym value="sn"/>
                    </f>
                    <f name="def">
                      <sym value="0"/>
                    </f>
                    <f name="gen">
                      <sym value="m"/>
                    </f>
                    <f name="hum">
                      <sym value="h_1"/>
                    </f>
                    <f name="i">
                      <sym varname="A0"/>
                    </f>
                    <f name="npro">
                      <sym value="0"/>
                    </f>
                    <f name="num">
                      <sym value="sg"/>
                    </f>
                    <f name="oclit">
                      <sym value="o_0"/>
                    </f>
                    <f name="subcat">
                      <sym value="sn_com"/>
                    </f>
                  </fs>
                </narg>
              </node>
              <narg>
                <fs>
                  <f name="anime">
                    <sym value="a_1"/>
                  </f>
                  <f name="cas">
                    <sym value="nom"/>
                  </f>
                  <f name="cat">
                    <sym value="sn"/>
                  </f>
                  <f name="def">
                    <sym value="1"/>
                  </f>
                  <f name="fg">
                    <sym value="sujet"/>
                  </f>
                  <f name="gen">
                    <sym value="m"/>
                  </f>
                  <f name="hum">
                    <sym value="h_1"/>
                  </f>
                  <f name="i">
                    <sym varname="A0"/>
                  </f>
                  <f name="npro">
                    <sym value="0"/>
                  </f>
                  <f name="num">
                    <sym value="sg"/>
                  </f>
                  <f name="subcat">
                    <sym value="sn_def"/>
                  </f>
                </fs>
              </narg>
            </node>
            <narg>
              <fs>
                <f name="cat">
                  <sym value="advd"/>
                </f>
                <f name="e">
                  <sym varname="G0"/>
                </f>
              </fs>
            </narg>
          </node>
          <node type="std">
            <node type="std">
              <node type="std">
                <node type="lex" value="ال">
                  <narg>
                    <fs>
                      <f name="cat">
                        <sym value="ال"/>
                      </f>
                    </fs>
                  </narg>
                </node>
                <narg>
                  <fs>
                    <f name="cat">
                      <sym value="proc_def"/>
                    </f>
                    <f name="def">
                      <sym value="0"/>
                    </f>
                    <f name="npro">
                      <sym value="0"/>
                    </f>
                    <f name="oclit">
                      <sym value="o_0"/>
                    </f>
                  </fs>
                </narg>
              </node>
              <node type="std">
                <node type="lex" value="جَبْر">
                  <narg>
                    <fs>
                      <f name="cat">
                        <sym value="جَبْر"/>
                      </f>
                    </fs>
                  </narg>
                </node>
                <narg>
                  <fs>
                    <f name="anime">
                      <sym value="a_0"/>
                    </f>
                    <f name="cas">
                      <sym value="acc"/>
                    </f>
                    <f name="cat">
                      <sym value="sn"/>
                    </f>
                    <f name="def">
                      <sym value="0"/>
                    </f>
                    <f name="gen">
                      <sym value="m"/>
                    </f>
                    <f name="hum">
                      <sym value="h_0"/>
                    </f>
                    <f name="i">
                      <sym varname="F0"/>
                    </f>
                    <f name="npro">
                      <sym value="0"/>
                    </f>
                    <f name="num">
                      <sym value="sg"/>
                    </f>
                    <f name="oclit">
                      <sym value="o_0"/>
                    </f>
                    <f name="subcat">
                      <sym value="sn_com"/>
                    </f>
                  </fs>
                </narg>
              </node>
              <narg>
                <fs>
                  <f name="anime">
                    <sym value="a_0"/>
                  </f>
                  <f name="cas">
                    <sym value="acc"/>
                  </f>
                  <f name="cat">
                    <sym value="sn"/>
                  </f>
                  <f name="def">
                    <sym value="1"/>
                  </f>
                  <f name="fg">
                    <sym value="objet1"/>
                  </f>
                  <f name="fgtype">
                    <sym value="direct"/>
                  </f>
                  <f name="gen">
                    <sym value="m"/>
                  </f>
                  <f name="hum">
                    <sym value="h_0"/>
                  </f>
                  <f name="i">
                    <sym varname="F0"/>
                  </f>
                  <f name="npro">
                    <sym value="0"/>
                  </f>
                  <f name="num">
                    <sym value="sg"/>
                  </f>
                  <f name="subcat">
                    <sym value="sn_def"/>
                  </f>
                </fs>
              </narg>
            </node>
            <narg>
              <fs>
                <f name="cat">
                  <sym value="advd"/>
                </f>
                <f name="e">
                  <sym varname="G0"/>
                </f>
              </fs>
            </narg>
          </node>
          <node type="std">
            <node type="std">
              <node type="std">
                <node type="lex" value="مِن">
                  <narg>
                    <fs>
                      <f name="cat">
                        <sym value="مِن"/>
                      </f>
                    </fs>
                  </narg>
                </node>
                <narg>
                  <fs>
                    <f name="cat">
                      <sym value="p"/>
                    </f>
                  </fs>
                </narg>
              </node>
              <node type="std">
                <node type="std">
                  <node type="std">
                    <node type="lex" value="كِتَاب">
                      <narg>
                        <fs>
                          <f name="cat">
                            <sym value="كِتَاب"/>
                          </f>
                        </fs>
                      </narg>
                    </node>
                    <narg>
                      <fs>
                        <f name="anime">
                          <sym value="a_0"/>
                        </f>
                        <f name="cas">
                          <sym value="gen"/>
                        </f>
                        <f name="cat">
                          <sym value="sn"/>
                        </f>
                        <f name="def">
                          <sym value="0"/>
                        </f>
                        <f name="gen">
                          <sym value="m"/>
                        </f>
                        <f name="hum">
                          <sym value="h_0"/>
                        </f>
                        <f name="i">
                          <sym varname="J0"/>
                        </f>
                        <f name="npro">
                          <sym value="0"/>
                        </f>
                        <f name="num">
                          <sym value="sg"/>
                        </f>
                        <f name="oclit">
                          <sym value="o_0"/>
                        </f>
                      </fs>
                    </narg>
                  </node>
                  <node type="std">
                    <node type="lex" value="جَابِر">
                      <narg>
                        <fs>
                          <f name="cat">
                            <sym value="جَابِر"/>
                          </f>
                        </fs>
                      </narg>
                    </node>
                    <narg>
                      <fs>
                        <f name="anime">
                          <sym value="a_1"/>
                        </f>
                        <f name="cas">
                          <sym value="gen"/>
                        </f>
                        <f name="cat">
                          <sym value="sn"/>
                        </f>
                        <f name="def">
                          <sym value="0"/>
                        </f>
                        <f name="gen">
                          <sym value="m"/>
                        </f>
                        <f name="hum">
                          <sym value="h_1"/>
                        </f>
                        <f name="i">
                          <sym varname="I0"/>
                        </f>
                        <f name="npro">
                          <sym value="1"/>
                        </f>
                        <f name="num">
                          <sym value="sg"/>
                        </f>
                        <f name="oclit">
                          <sym value="o_0"/>
                        </f>
                        <f name="subcat">
                          <sym value="nom_prop"/>
                        </f>
                      </fs>
                    </narg>
                  </node>
                  <narg>
                    <fs>
                      <f name="anime">
                        <sym value="a_0"/>
                      </f>
                      <f name="cas">
                        <sym value="gen"/>
                      </f>
                      <f name="cat">
                        <sym value="sn"/>
                      </f>
                      <f name="def">
                        <sym value="0"/>
                      </f>
                      <f name="gen">
                        <sym value="m"/>
                      </f>
                      <f name="hum">
                        <sym value="h_0"/>
                      </f>
                      <f name="num">
                        <sym value="sg"/>
                      </f>
                      <f name="subcat">
                        <sym value="sn_ann"/>
                      </f>
                    </fs>
                  </narg>
                </node>
                <node type="std">
                  <node type="std">
                    <node type="lex" value="إِبْن">
                      <narg>
                        <fs>
                          <f name="cat">
                            <sym value="إِبْن"/>
                          </f>
                        </fs>
                      </narg>
                    </node>
                    <narg>
                      <fs>
                        <f name="anime">
                          <sym value="a_1"/>
                        </f>
                        <f name="cas">
                          <sym value="gen"/>
                        </f>
                        <f name="cat">
                          <sym value="sn"/>
                        </f>
                        <f name="def">
                          <sym value="0"/>
                        </f>
                        <f name="gen">
                          <sym value="m"/>
                        </f>
                        <f name="hum">
                          <sym value="h_1"/>
                        </f>
                        <f name="i">
                          <sym varname="K0"/>
                        </f>
                        <f name="npro">
                          <sym value="0"/>
                        </f>
                        <f name="num">
                          <sym value="sg"/>
                        </f>
                        <f name="oclit">
                          <sym value="o_0"/>
                        </f>
                      </fs>
                    </narg>
                  </node>
                  <node type="std">
                    <node type="lex" value="حَيَّان">
                      <narg>
                        <fs>
                          <f name="cat">
                            <sym value="حَيَّان"/>
                          </f>
                        </fs>
                      </narg>
                    </node>
                    <narg>
                      <fs>
                        <f name="anime">
                          <sym value="a_1"/>
                        </f>
                        <f name="cas">
                          <sym value="gen"/>
                        </f>
                        <f name="cat">
                          <sym value="sn"/>
                        </f>
                        <f name="def">
                          <sym value="0"/>
                        </f>
                        <f name="gen">
                          <sym value="m"/>
                        </f>
                        <f name="hum">
                          <sym value="h_1"/>
                        </f>
                        <f name="i">
                          <sym varname="X1017608579_13"/>
                        </f>
                        <f name="npro">
                          <sym value="1"/>
                        </f>
                        <f name="num">
                          <sym value="sg"/>
                        </f>
                        <f name="oclit">
                          <sym value="o_0"/>
                        </f>
                      </fs>
                    </narg>
                  </node>
                  <narg>
                    <fs>
                      <f name="anime">
                        <sym value="a_1"/>
                      </f>
                      <f name="cas">
                        <sym value="gen"/>
                      </f>
                      <f name="cat">
                        <sym value="sn"/>
                      </f>
                      <f name="def">
                        <sym value="0"/>
                      </f>
                      <f name="gen">
                        <sym value="m"/>
                      </f>
                      <f name="hum">
                        <sym value="h_1"/>
                      </f>
                      <f name="i">
                        <sym varname="K0"/>
                      </f>
                      <f name="npro">
                        <sym value="0"/>
                      </f>
                      <f name="num">
                        <sym value="sg"/>
                      </f>
                      <f name="subcat">
                        <sym value="sn_ann"/>
                      </f>
                    </fs>
                  </narg>
                </node>
                <narg>
                  <fs>
                    <f name="anime">
                      <sym value="a_0"/>
                    </f>
                    <f name="cas">
                      <sym value="gen"/>
                    </f>
                    <f name="cat">
                      <sym value="sn"/>
                    </f>
                    <f name="def">
                      <sym value="0"/>
                    </f>
                    <f name="fg">
                      <sym value="objet2"/>
                    </f>
                    <f name="gen">
                      <sym value="m"/>
                    </f>
                    <f name="hum">
                      <sym value="h_0"/>
                    </f>
                    <f name="i">
                      <sym varname="J0"/>
                    </f>
                    <f name="npro">
                      <sym value="0"/>
                    </f>
                    <f name="num">
                      <sym value="sg"/>
                    </f>
                  </fs>
                </narg>
              </node>
              <narg>
                <fs>
                  <f name="cat">
                    <sym value="sp"/>
                  </f>
                  <f name="fg">
                    <sym value="objet2"/>
                  </f>
                  <f name="fgtype">
                    <sym value="indirect"/>
                  </f>
                  <f name="i">
                    <sym varname="J0"/>
                  </f>
                </fs>
              </narg>
            </node>
            <narg>
              <fs>
                <f name="cat">
                  <sym value="advd"/>
                </f>
                <f name="e">
                  <sym varname="G0"/>
                </f>
              </fs>
            </narg>
          </node>
          <narg>
            <fs>
              <f name="cat">
                <sym value="advg"/>
              </f>
              <f name="e">
                <sym varname="G0"/>
              </f>
            </fs>
          </narg>
        </node>
        <narg>
          <fs>
            <f name="aspect">
              <sym value="acco"/>
            </f>
            <f name="cat">
              <sym value="sv"/>
            </f>
            <f name="e">
              <sym varname="G0"/>
            </f>
            <f name="gen">
              <sym value="m"/>
            </f>
            <f name="genA">
              <sym varname="X730120204_7"/>
            </f>
            <f name="mode">
              <sym value="ind"/>
            </f>
            <f name="num">
              <sym value="sg"/>
            </f>
            <f name="numA">
              <sym varname="X730120204_8"/>
            </f>
            <f name="oclit">
              <sym value="o_0"/>
            </f>
            <f name="suj">
              <sym value="s_1"/>
            </f>
            <f name="voix">
              <sym value="act"/>
            </f>
          </fs>
        </narg>
      </node>
    </derivedTree>
    <semantics/>
    <specified_semantics/>
    <frame>
      <fs coref="G0">
        <ctype>
          <type val="communication"/>
          <type val="event"/>
        </ctype>
        <f name="FE3">
          <fs coref="C0">
            <ctype>
              <type val="place"/>
              <type val="source"/>
            </ctype>
            <f name="subFrame">
              <fs coref="J0">
                <ctype>
                  <type val="concrete"/>
                  <type val="selRestr"/>
                </ctype>
                <f name="val">
                  <sym value="كِتَاب"/>
                </f>
                <f name="annexion">
                  <fs coref="I0">
                    <ctype>
                      <type val="concrete"/>
                      <type val="natural"/>
                      <type val="animate"/>
                      <type val="human"/>
                      <type val="selRestr"/>
                    </ctype>
                    <f name="nameProp">
                      <sym value="جَابِر"/>
                    </f>
                  </fs>
                </f>
              </fs>
            </f>
          </fs>
        </f>
        <f name="FE2">
          <fs coref="D0">
            <ctype>
              <type val="topic"/>
              <type val="theme"/>
              <type val="undergoer"/>
            </ctype>
            <f name="subFrame">
              <fs coref="F0">
                <ctype>
                  <type val="abstract"/>
                  <type val="selRestr"/>
                </ctype>
                <f name="val">
                  <sym value="جَبْر"/>
                </f>
              </fs>
            </f>
          </fs>
        </f>
        <f name="FE1">
          <fs coref="E0">
            <ctype>
              <type val="actor"/>
              <type val="agent"/>
            </ctype>
            <f name="subFrame">
              <fs coref="A0">
                <ctype>
                  <type val="concrete"/>
                  <type val="natural"/>
                  <type val="animate"/>
                  <type val="human"/>
                  <type val="selRestr"/>
                </ctype>
                <f name="val">
                  <sym value="طَّالِب"/>
                </f>
              </fs>
            </f>
          </fs>
        </f>
      </fs>
      <fs coref="B0">
        <ctype>
          <type val="concrete"/>
          <type val="natural"/>
          <type val="animate"/>
          <type val="human"/>
          <type val="selRestr"/>
        </ctype>
        <f name="val">
          <sym value="حَيَّان"/>
        </f>
        <f name="f">
          <sym varname="X412462802_4"/>
        </f>
      </fs>
      <fs coref="K0">
        <ctype>
          <type val="concrete"/>
          <type val="natural"/>
          <type val="animate"/>
          <type val="human"/>
          <type val="selRestr"/>
        </ctype>
        <f name="val">
          <sym value="إِبْن"/>
        </f>
        <f name="annexion">
          <sym varname="X1017608579_13"/>
        </f>
      </fs>
    </frame>
  </parse>
  <parse>
    <derivationTree>
      <tree id="DiTransitifActif_665--تَعَلَّمَ1--125">
        <tree id="NomCommun_10--طَّالِبُ3--1" node="1.2.1" op="subst">
          <tree id="ProcEnc_0--ال2--0" node="1" op="subst"/>
        </tree>
        <tree id="NomCommun_10--جَبْر5--1" node="1.3.1" op="subst">
          <tree id="ProcEnc_0--ال4--0" node="1" op="subst"/>
        </tree>
        <tree id="NomPropre_11--حَيَّان10--0" node="1.4.1.2" op="subst">
          <tree id="SyntagmeAnnex_66--كِتَاب7--0" node="0" op="adj">
            <tree id="SyntagmeAppro_31--إِبْن9--2" node="1" op="adj">
              <tree id="SyntagmeAnnex_66--جَابِر8--0" node="2" op="adj"/>
            </tree>
          </tree>
        </tree>
      </tree>
    </derivationTree>
    <derivedTree>
      <node type="std">
        <node type="std">
          <node type="std">
            <node type="std">
              <node type="lex" value="تَعَلَّمَ">
                <narg>
                  <fs>
                    <f name="cat">
                      <sym value="تَعَلَّمَ"/>
                    </f>
                  </fs>
                </narg>
              </node>
              <narg>
                <fs>
                  <f name="aspect">
                    <sym value="acco"/>
                  </f>
                  <f name="cat">
                    <sym value="v"/>
                  </f>
                  <f name="def">
                    <sym value="0"/>
                  </f>
                  <f name="e">
                    <sym varname="H0"/>
                  </f>
                  <f name="gen">
                    <sym value="m"/>
                  </f>
                  <f name="genA">
                    <sym varname="X730120204_7"/>
                  </f>
                  <f name="mode">
                    <sym value="ind"/>
                  </f>
                  <f name="npro">
                    <sym value="0"/>
                  </f>
                  <f name="num">
                    <sym value="sg"/>
                  </f>
                  <f name="numA">
                    <sym varname="X730120204_8"/>
                  </f>
                  <f name="oclit">
                    <sym value="o_0"/>
                  </f>
                  <f name="pclit">
                    <sym value="p_0"/>
                  </f>
                  <f name="pers">
                    <sym value="4"/>
                  </f>
                  <f name="suj">
                    <sym value="s_1"/>
                  </f>
                  <f name="voix">
                    <sym value="act"/>
                  </f>
                </fs>
              </narg>
            </node>
            <narg>
              <fs>
                <f name="cat">
                  <sym value="advd"/>
                </f>
                <f name="e">
                  <sym varname="H0"/>
                </f>
              </fs>
            </narg>
          </node>
          <node type="std">
            <node type="std">
              <node type="std">
                <node type="lex" value="ال">
                  <narg>
                    <fs>
                      <f name="cat">
                        <sym value="ال"/>
                      </f>
                    </fs>
                  </narg>
                </node>
                <narg>
                  <fs>
                    <f name="cat">
                      <sym value="proc_def"/>
                    </f>
                    <f name="def">
                      <sym value="0"/>
                    </f>
                    <f name="npro">
                      <sym value="0"/>
                    </f>
                    <f name="oclit">
                      <sym value="o_0"/>
                    </f>
                  </fs>
                </narg>
              </node>
              <node type="std">
                <node type="lex" value="طَّالِبُ">
                  <narg>
                    <fs>
                      <f name="cat">
                        <sym value="طَّالِبُ"/>
                      </f>
                    </fs>
                  </narg>
                </node>
                <narg>
                  <fs>
                    <f name="anime">
                      <sym value="a_1"/>
                    </f>
                    <f name="cas">
                      <sym value="nom"/>
                    </f>
                    <f name="cat">
                      <sym value="sn"/>
                    </f>
                    <f name="def">
                      <sym value="0"/>
                    </f>
                    <f name="gen">
                      <sym value="m"/>
                    </f>
                    <f name="hum">
                      <sym value="h_1"/>
                    </f>
                    <f name="i">
                      <sym varname="J0"/>
                    </f>
                    <f name="npro">
                      <sym value="0"/>
                    </f>
                    <f name="num">
                      <sym value="sg"/>
                    </f>
                    <f name="oclit">
                      <sym value="o_0"/>
                    </f>
                    <f name="subcat">
                      <sym value="sn_com"/>
                    </f>
                  </fs>
                </narg>
              </node>
              <narg>
                <fs>
                  <f name="anime">
                    <sym value="a_1"/>
                  </f>
                  <f name="cas">
                    <sym value="nom"/>
                  </f>
                  <f name="cat">
                    <sym value="sn"/>
                  </f>
                  <f name="def">
                    <sym value="1"/>
                  </f>
                  <f name="fg">
                    <sym value="sujet"/>
                  </f>
                  <f name="gen">
                    <sym value="m"/>
                  </f>
                  <f name="hum">
                    <sym value="h_1"/>
                  </f>
                  <f name="i">
                    <sym varname="J0"/>
                  </f>
                  <f name="npro">
                    <sym value="0"/>
                  </f>
                  <f name="num">
                    <sym value="sg"/>
                  </f>
                  <f name="subcat">
                    <sym value="sn_def"/>
                  </f>
                </fs>
              </narg>
            </node>
            <narg>
              <fs>
                <f name="cat">
                  <sym value="advd"/>
                </f>
                <f name="e">
                  <sym varname="H0"/>
                </f>
              </fs>
            </narg>
          </node>
          <node type="std">
            <node type="std">
              <node type="std">
                <node type="lex" value="ال">
                  <narg>
                    <fs>
                      <f name="cat">
                        <sym value="ال"/>
                      </f>
                    </fs>
                  </narg>
                </node>
                <narg>
                  <fs>
                    <f name="cat">
                      <sym value="proc_def"/>
                    </f>
                    <f name="def">
                      <sym value="0"/>
                    </f>
                    <f name="npro">
                      <sym value="0"/>
                    </f>
                    <f name="oclit">
                      <sym value="o_0"/>
                    </f>
                  </fs>
                </narg>
              </node>
              <node type="std">
                <node type="lex" value="جَبْر">
                  <narg>
                    <fs>
                      <f name="cat">
                        <sym value="جَبْر"/>
                      </f>
                    </fs>
                  </narg>
                </node>
                <narg>
                  <fs>
                    <f name="anime">
                      <sym value="a_0"/>
                    </f>
                    <f name="cas">
                      <sym value="acc"/>
                    </f>
                    <f name="cat">
                      <sym value="sn"/>
                    </f>
                    <f name="def">
                      <sym value="0"/>
                    </f>
                    <f name="gen">
                      <sym value="m"/>
                    </f>
                    <f name="hum">
                      <sym value="h_0"/>
                    </f>
                    <f name="i">
                      <sym varname="K0"/>
                    </f>
                    <f name="npro">
                      <sym value="0"/>
                    </f>
                    <f name="num">
                      <sym value="sg"/>
                    </f>
                    <f name="oclit">
                      <sym value="o_0"/>
                    </f>
                    <f name="subcat">
                      <sym value="sn_com"/>
                    </f>
                  </fs>
                </narg>
              </node>
              <narg>
                <fs>
                  <f name="anime">
                    <sym value="a_0"/>
                  </f>
                  <f name="cas">
                    <sym value="acc"/>
                  </f>
                  <f name="cat">
                    <sym value="sn"/>
                  </f>
                  <f name="def">
                    <sym value="1"/>
                  </f>
                  <f name="fg">
                    <sym value="objet1"/>
                  </f>
                  <f name="fgtype">
                    <sym value="direct"/>
                  </f>
                  <f name="gen">
                    <sym value="m"/>
                  </f>
                  <f name="hum">
                    <sym value="h_0"/>
                  </f>
                  <f name="i">
                    <sym varname="K0"/>
                  </f>
                  <f name="npro">
                    <sym value="0"/>
                  </f>
                  <f name="num">
                    <sym value="sg"/>
                  </f>
                  <f name="subcat">
                    <sym value="sn_def"/>
                  </f>
                </fs>
              </narg>
            </node>
            <narg>
              <fs>
                <f name="cat">
                  <sym value="advd"/>
                </f>
                <f name="e">
                  <sym varname="H0"/>
                </f>
              </fs>
            </narg>
          </node>
          <node type="std">
            <node type="std">
              <node type="std">
                <node type="lex" value="مِن">
                  <narg>
                    <fs>
                      <f name="cat">
                        <sym value="مِن"/>
                      </f>
                    </fs>
                  </narg>
                </node>
                <narg>
                  <fs>
                    <f name="cat">
                      <sym value="p"/>
                    </f>
                  </fs>
                </narg>
              </node>
              <node type="std">
                <node type="std">
                  <node type="std">
                    <node type="lex" value="كِتَاب">
                      <narg>
                        <fs>
                          <f name="cat">
                            <sym value="كِتَاب"/>
                          </f>
                        </fs>
                      </narg>
                    </node>
                    <narg>
                      <fs>
                        <f name="anime">
                          <sym value="a_0"/>
                        </f>
                        <f name="cas">
                          <sym value="gen"/>
                        </f>
                        <f name="cat">
                          <sym value="sn"/>
                        </f>
                        <f name="def">
                          <sym value="0"/>
                        </f>
                        <f name="gen">
                          <sym value="m"/>
                        </f>
                        <f name="hum">
                          <sym value="h_0"/>
                        </f>
                        <f name="i">
                          <sym varname="L0"/>
                        </f>
                        <f name="npro">
                          <sym value="0"/>
                        </f>
                        <f name="num">
                          <sym value="sg"/>
                        </f>
                        <f name="oclit">
                          <sym value="o_0"/>
                        </f>
                        <f name="subcat">
                          <vAlt>
                            <sym value="sn_ann"/>
                            <sym value="sn_sub"/>
                            <sym value="sn_subp"/>
                          </vAlt>
                        </f>
                      </fs>
                    </narg>
                  </node>
                  <node type="std">
                    <node type="std">
                      <node type="lex" value="جَابِر">
                        <narg>
                          <fs>
                            <f name="cat">
                              <sym value="جَابِر"/>
                            </f>
                          </fs>
                        </narg>
                      </node>
                      <narg>
                        <fs>
                          <f name="anime">
                            <sym value="a_1"/>
                          </f>
                          <f name="cas">
                            <sym value="gen"/>
                          </f>
                          <f name="cat">
                            <sym value="sn"/>
                          </f>
                          <f name="def">
                            <sym value="0"/>
                          </f>
                          <f name="gen">
                            <sym value="m"/>
                          </f>
                          <f name="hum">
                            <sym value="h_1"/>
                          </f>
                          <f name="i">
                            <sym varname="A0"/>
                          </f>
                          <f name="npro">
                            <sym value="1"/>
                          </f>
                          <f name="num">
                            <sym value="sg"/>
                          </f>
                          <f name="oclit">
                            <sym value="o_0"/>
                          </f>
                        </fs>
                      </narg>
                    </node>
                    <node type="std">
                      <node type="lex" value="إِبْن">
                        <narg>
                          <fs>
                            <f name="cat">
                              <sym value="إِبْن"/>
                            </f>
                          </fs>
                        </narg>
                      </node>
                      <narg>
                        <fs>
                          <f name="anime">
                            <sym value="a_1"/>
                          </f>
                          <f name="cas">
                            <sym value="gen"/>
                          </f>
                          <f name="cat">
                            <sym value="sn"/>
                          </f>
                          <f name="def">
                            <sym value="0"/>
                          </f>
                          <f name="gen">
                            <sym value="m"/>
                          </f>
                          <f name="hum">
                            <sym value="h_1"/>
                          </f>
                          <f name="i">
                            <sym varname="X693510584_13"/>
                          </f>
                          <f name="npro">
                            <sym value="0"/>
                          </f>
                          <f name="num">
                            <sym value="sg"/>
                          </f>
                          <f name="oclit">
                            <sym value="o_0"/>
                          </f>
                        </fs>
                      </narg>
                    </node>
                    <narg>
                      <fs>
                        <f name="anime">
                          <sym value="a_1"/>
                        </f>
                        <f name="cas">
                          <sym value="gen"/>
                        </f>
                        <f name="cat">
                          <sym value="sn"/>
                        </f>
                        <f name="def">
                          <sym value="0"/>
                        </f>
                        <f name="gen">
                          <sym value="m"/>
                        </f>
                        <f name="hum">
                          <sym value="h_1"/>
                        </f>
                        <f name="i">
                          <sym varname="A0"/>
                        </f>
                        <f name="npro">
                          <sym value="1"/>
                        </f>
                        <f name="num">
                          <sym value="sg"/>
                        </f>
                        <f name="subcat">
                          <sym value="sn_ann"/>
                        </f>
                      </fs>
                    </narg>
                  </node>
                  <narg>
                    <fs>
                      <f name="anime">
                        <sym value="a_0"/>
                      </f>
                      <f name="cas">
                        <sym value="gen"/>
                      </f>
                      <f name="cat">
                        <sym value="sn"/>
                      </f>
                      <f name="def">
                        <sym value="0"/>
                      </f>
                      <f name="gen">
                        <sym value="m"/>
                      </f>
                      <f name="hum">
                        <sym value="h_0"/>
                      </f>
                      <f name="i">
                        <sym varname="L0"/>
                      </f>
                      <f name="npro">
                        <sym value="0"/>
                      </f>
                      <f name="num">
                        <sym value="sg"/>
                      </f>
                    </fs>
                  </narg>
                </node>
                <node type="std">
                  <node type="lex" value="حَيَّان">
                    <narg>
                      <fs>
                        <f name="cat">
                          <sym value="حَيَّان"/>
                        </f>
                      </fs>
                    </narg>
                  </node>
                  <narg>
                    <fs>
                      <f name="anime">
                        <sym value="a_1"/>
                      </f>
                      <f name="cas">
                        <sym value="gen"/>
                      </f>
                      <f name="cat">
                        <sym value="sn"/>
                      </f>
                      <f name="def">
                        <sym value="0"/>
                      </f>
                      <f name="gen">
                        <sym value="m"/>
                      </f>
                      <f name="hum">
                        <sym value="h_1"/>
                      </f>
                      <f name="i">
                        <sym varname="F0"/>
                      </f>
                      <f name="npro">
                        <sym value="1"/>
                      </f>
                      <f name="num">
                        <sym value="sg"/>
                      </f>
                      <f name="oclit">
                        <sym value="o_0"/>
                      </f>
                      <f name="subcat">
                        <sym value="nom_prop"/>
                      </f>
                    </fs>
                  </narg>
                </node>
                <narg>
                  <fs>
                    <f name="anime">
                      <sym value="a_0"/>
                    </f>
                    <f name="cas">
                      <sym value="gen"/>
                    </f>
                    <f name="cat">
                      <sym value="sn"/>
                    </f>
                    <f name="def">
                      <sym value="0"/>
                    </f>
                    <f name="fg">
                      <sym value="objet2"/>
                    </f>
                    <f name="gen">
                      <sym value="m"/>
                    </f>
                    <f name="hum">
                      <sym value="h_0"/>
                    </f>
                    <f name="i">
                      <sym varname="L0"/>
                    </f>
                    <f name="npro">
                      <sym value="0"/>
                    </f>
                    <f name="num">
                      <sym value="sg"/>
                    </f>
                    <f name="subcat">
                      <sym value="sn_ann"/>
                    </f>
                  </fs>
                </narg>
              </node>
              <narg>
                <fs>
                  <f name="cat">
                    <sym value="sp"/>
                  </f>
                  <f name="fg">
                    <sym value="objet2"/>
                  </f>
                  <f name="fgtype">
                    <sym value="indirect"/>
                  </f>
                  <f name="i">
                    <sym varname="L0"/>
                  </f>
                </fs>
              </narg>
            </node>
            <narg>
              <fs>
                <f name="cat">
                  <sym value="advd"/>
                </f>
                <f name="e">
                  <sym varname="H0"/>
                </f>
              </fs>
            </narg>
          </node>
          <narg>
            <fs>
              <f name="cat">
                <sym value="advg"/>
              </f>
              <f name="e">
                <sym varname="H0"/>
              </f>
            </fs>
          </narg>
        </node>
        <narg>
          <fs>
            <f name="aspect">
              <sym value="acco"/>
            </f>
            <f name="cat">
              <sym value="sv"/>
            </f>
            <f name="e">
              <sym varname="H0"/>
            </f>
            <f name="gen">
              <sym value="m"/>
            </f>
            <f name="genA">
              <sym varname="X730120204_7"/>
            </f>
            <f name="mode">
              <sym value="ind"/>
            </f>
            <f name="num">
              <sym value="sg"/>
            </f>
            <f name="numA">
              <sym varname="X730120204_8"/>
            </f>
            <f name="oclit">
              <sym value="o_0"/>
            </f>
            <f name="suj">
              <sym value="s_1"/>
            </f>
            <f name="voix">
              <sym value="act"/>
            </f>
          </fs>
        </narg>
      </node>
    </derivedTree>
    <semantics/>
    <specified_semantics/>
    <frame>
      <fs coref="H0">
        <ctype>
          <type val="communication"/>
          <type val="event"/>
        </ctype>
        <f name="FE3">
          <fs coref="D0">
            <ctype>
              <type val="place"/>
              <type val="source"/>
            </ctype>
            <f name="subFrame">
              <fs coref="L0">
                <ctype>
                  <type val="concrete"/>
                  <type val="selRestr"/>
                </ctype>
                <f name="val">
                  <sym value="كِتَاب"/>
                </f>
                <f name="annexion">
                  <fs coref="F0">
                    <ctype>
                      <type val="concrete"/>
                      <type val="natural"/>
                      <type val="animate"/>
                      <type val="human"/>
                      <type val="selRestr"/>
                    </ctype>
                    <f name="nameProp">
                      <sym value="حَيَّان"/>
                    </f>
                  </fs>
                </f>
              </fs>
            </f>
          </fs>
        </f>
        <f name="FE2">
          <fs coref="E0">
            <ctype>
              <type val="topic"/>
              <type val="theme"/>
              <type val="undergoer"/>
            </ctype>
            <f name="subFrame">
              <fs coref="K0">
                <ctype>
                  <type val="abstract"/>
                  <type val="selRestr"/>
                </ctype>
                <f name="val">
                  <sym value="جَبْر"/>
                </f>
              </fs>
            </f>
          </fs>
        </f>
        <f name="FE1">
          <fs coref="G0">
            <ctype>
              <type val="actor"/>
              <type val="agent"/>
            </ctype>
            <f name="subFrame">
              <fs coref="J0">
                <ctype>
                  <type val="concrete"/>
                  <type val="natural"/>
                  <type val="animate"/>
                  <type val="human"/>
                  <type val="selRestr"/>
                </ctype>
                <f name="val">
                  <sym value="طَّالِب"/>
                </f>
              </fs>
            </f>
          </fs>
        </f>
      </fs>
      <fs coref="C0">
        <ctype>
          <type val="concrete"/>
          <type val="natural"/>
          <type val="animate"/>
          <type val="human"/>
          <type val="selRestr"/>
        </ctype>
        <f name="val">
          <sym value="إِبْن"/>
        </f>
        <f name="f">
          <sym varname="X412462802_4"/>
        </f>
      </fs>
      <fs coref="A0">
        <ctype>
          <type val="concrete"/>
          <type val="natural"/>
          <type val="animate"/>
          <type val="human"/>
          <type val="selRestr"/>
        </ctype>
        <f name="val">
          <sym value="جَابِر"/>
        </f>
        <f name="annexion">
          <sym varname="X693510584_13"/>
        </f>
      </fs>
    </frame>
  </parse>
</parses>
