<?xml version="1.0" encoding="UTF-8" standalone="no"?>
<!DOCTYPE parses SYSTEM "tulipa-parses.dtd,xml">
<parses sentence="خَمْسُونَ دِرْهَمًا لَا تُفَصِّلُ قَمِيصًا">
  <parse>
    <derivationTree>
      <tree id="TransitifActif_444--تُفَصِّلُ4--2">
        <tree id="SyntagmeSemiProp_55--خَمْسُونَ1--15" node="1.1.1" op="subst">
          <tree id="NomCommun_9--دِرْهَمًا2--0" node="2" op="subst"/>
        </tree>
        <tree id="ProcEnc_3--لَا3--3" node="1.2.1" op="adj"/>
        <tree id="NomCommun_9--قَمِيصًا5--0" node="1.3.1" op="subst"/>
      </tree>
    </derivationTree>
    <derivedTree>
      <node type="std">
        <node type="std">
          <node type="std">
            <node type="std">
              <node type="std">
                <node type="lex" value="خَمْسُونَ">
                  <narg>
                    <fs>
                      <f name="cat">
                        <sym value="خَمْسُونَ"/>
                      </f>
                    </fs>
                  </narg>
                </node>
                <narg>
                  <fs>
                    <f name="cas">
                      <sym value="nom"/>
                    </f>
                    <f name="cat">
                      <sym value="qual"/>
                    </f>
                    <f name="def">
                      <sym value="0"/>
                    </f>
                    <f name="gen">
                      <sym value="f"/>
                    </f>
                    <f name="npro">
                      <sym value="0"/>
                    </f>
                    <f name="num">
                      <sym value="sg"/>
                    </f>
                    <f name="oclit">
                      <sym value="o_0"/>
                    </f>
                  </fs>
                </narg>
              </node>
              <node type="std">
                <node type="lex" value="دِرْهَمًا">
                  <narg>
                    <fs>
                      <f name="cat">
                        <sym value="دِرْهَمًا"/>
                      </f>
                    </fs>
                  </narg>
                </node>
                <narg>
                  <fs>
                    <f name="anime">
                      <sym value="a_0"/>
                    </f>
                    <f name="cas">
                      <sym value="nom"/>
                    </f>
                    <f name="cat">
                      <sym value="sn"/>
                    </f>
                    <f name="def">
                      <sym value="0"/>
                    </f>
                    <f name="gen">
                      <sym value="m"/>
                    </f>
                    <f name="hum">
                      <sym value="h_0"/>
                    </f>
                    <f name="i">
                      <sym varname="C0"/>
                    </f>
                    <f name="npro">
                      <sym value="0"/>
                    </f>
                    <f name="num">
                      <sym value="sg"/>
                    </f>
                    <f name="oclit">
                      <sym value="o_0"/>
                    </f>
                    <f name="subcat">
                      <sym value="sn_com"/>
                    </f>
                  </fs>
                </narg>
              </node>
              <narg>
                <fs>
                  <f name="anime">
                    <sym varname="X359730487_13"/>
                  </f>
                  <f name="cas">
                    <sym value="nom"/>
                  </f>
                  <f name="cat">
                    <sym value="sn"/>
                  </f>
                  <f name="def">
                    <sym value="0"/>
                  </f>
                  <f name="fg">
                    <sym value="sujet"/>
                  </f>
                  <f name="gen">
                    <sym value="f"/>
                  </f>
                  <f name="hum">
                    <sym varname="X359730487_12"/>
                  </f>
                  <f name="i">
                    <sym varname="B0"/>
                  </f>
                  <f name="num">
                    <sym value="sg"/>
                  </f>
                  <f name="subcat">
                    <sym value="sn_sem_qual"/>
                  </f>
                </fs>
              </narg>
            </node>
            <narg>
              <fs>
                <f name="cat">
                  <sym value="advd"/>
                </f>
                <f name="e">
                  <sym varname="A0"/>
                </f>
              </fs>
            </narg>
          </node>
          <node type="std">
            <node type="std">
              <node type="std">
                <node type="lex" value="لَا">
                  <narg>
                    <fs>
                      <f name="cat">
                        <sym value="لَا"/>
                      </f>
                    </fs>
                  </narg>
                </node>
                <narg>
                  <fs>
                    <f name="cat">
                      <sym value="proc_v"/>
                    </f>
                    <f name="def">
                      <sym value="0"/>
                    </f>
                    <f name="e">
                      <sym varname="A0"/>
                    </f>
                    <f name="mode">
                      <sym value="ind"/>
                    </f>
                    <f name="npro">
                      <sym value="0"/>
                    </f>
                    <f name="oclit">
                      <sym value="o_0"/>
                    </f>
                  </fs>
                </narg>
              </node>
              <node type="std">
                <node type="lex" value="تُفَصِّلُ">
                  <narg>
                    <fs>
                      <f name="cat">
                        <sym value="تُفَصِّلُ"/>
                      </f>
                    </fs>
                  </narg>
                </node>
                <narg>
                  <fs>
                    <f name="aspect">
                      <sym value="inacco"/>
                    </f>
                    <f name="cat">
                      <sym value="v"/>
                    </f>
                    <f name="def">
                      <sym value="0"/>
                    </f>
                    <f name="e">
                      <sym varname="A0"/>
                    </f>
                    <f name="gen">
                      <sym value="f"/>
                    </f>
                    <f name="mode">
                      <sym value="ind"/>
                    </f>
                    <f name="npro">
                      <sym value="0"/>
                    </f>
                    <f name="num">
                      <sym value="sg"/>
                    </f>
                    <f name="oclit">
                      <sym value="o_0"/>
                    </f>
                    <f name="pclit">
                      <sym value="p_0"/>
                    </f>
                    <f name="pers">
                      <sym value="5"/>
                    </f>
                    <f name="suj">
                      <sym value="s_1"/>
                    </f>
                    <f name="voix">
                      <sym value="act"/>
                    </f>
                  </fs>
                </narg>
              </node>
              <narg>
                <fs>
                  <f name="aspect">
                    <sym value="inacco"/>
                  </f>
                  <f name="cat">
                    <sym value="v"/>
                  </f>
                  <f name="e">
                    <sym varname="A0"/>
                  </f>
                  <f name="gen">
                    <sym value="f"/>
                  </f>
                  <f name="genA">
                    <sym varname="X359730487_7"/>
                  </f>
                  <f name="mode">
                    <sym value="ind"/>
                  </f>
                  <f name="num">
                    <sym value="sg"/>
                  </f>
                  <f name="numA">
                    <sym varname="X359730487_8"/>
                  </f>
                  <f name="oclit">
                    <sym value="o_0"/>
                  </f>
                  <f name="pclit">
                    <sym value="p_1"/>
                  </f>
                  <f name="voix">
                    <sym value="act"/>
                  </f>
                </fs>
              </narg>
            </node>
            <narg>
              <fs>
                <f name="cat">
                  <sym value="advd"/>
                </f>
                <f name="e">
                  <sym varname="A0"/>
                </f>
              </fs>
            </narg>
          </node>
          <node type="std">
            <node type="std">
              <node type="lex" value="قَمِيصًا">
                <narg>
                  <fs>
                    <f name="cat">
                      <sym value="قَمِيصًا"/>
                    </f>
                  </fs>
                </narg>
              </node>
              <narg>
                <fs>
                  <f name="anime">
                    <sym value="a_0"/>
                  </f>
                  <f name="cas">
                    <sym value="acc"/>
                  </f>
                  <f name="cat">
                    <sym value="sn"/>
                  </f>
                  <f name="def">
                    <sym value="0"/>
                  </f>
                  <f name="fg">
                    <sym value="objet1"/>
                  </f>
                  <f name="fgtype">
                    <sym value="direct"/>
                  </f>
                  <f name="gen">
                    <sym value="m"/>
                  </f>
                  <f name="hum">
                    <sym value="h_0"/>
                  </f>
                  <f name="i">
                    <sym varname="D0"/>
                  </f>
                  <f name="npro">
                    <sym value="0"/>
                  </f>
                  <f name="num">
                    <sym value="sg"/>
                  </f>
                  <f name="oclit">
                    <sym value="o_0"/>
                  </f>
                  <f name="subcat">
                    <sym value="sn_com"/>
                  </f>
                </fs>
              </narg>
            </node>
            <narg>
              <fs>
                <f name="cat">
                  <sym value="advd"/>
                </f>
                <f name="e">
                  <sym varname="A0"/>
                </f>
              </fs>
            </narg>
          </node>
          <narg>
            <fs>
              <f name="cat">
                <sym value="advg"/>
              </f>
              <f name="e">
                <sym varname="A0"/>
              </f>
            </fs>
          </narg>
        </node>
        <narg>
          <fs>
            <f name="aspect">
              <sym value="inacco"/>
            </f>
            <f name="cat">
              <sym value="sv"/>
            </f>
            <f name="e">
              <sym varname="A0"/>
            </f>
            <f name="gen">
              <sym value="f"/>
            </f>
            <f name="genA">
              <sym varname="X359730487_7"/>
            </f>
            <f name="mode">
              <sym value="ind"/>
            </f>
            <f name="num">
              <sym value="sg"/>
            </f>
            <f name="numA">
              <sym varname="X359730487_8"/>
            </f>
            <f name="oclit">
              <sym value="o_0"/>
            </f>
            <f name="suj">
              <sym value="s_1"/>
            </f>
            <f name="voix">
              <sym value="act"/>
            </f>
          </fs>
        </narg>
      </node>
    </derivedTree>
    <semantics/>
    <specified_semantics/>
    <frame>
      <fs coref="A0">
        <ctype>
          <type val="change"/>
          <type val="event"/>
        </ctype>
        <f name="FE2">
          <fs coref="E0">
            <ctype>
              <type val="product"/>
              <type val="goal"/>
              <type val="patient"/>
              <type val="undergoer"/>
              <type val="place"/>
            </ctype>
            <f name="subFrame">
              <fs coref="D0">
                <ctype>
                  <type val="concrete"/>
                  <type val="selRestr"/>
                </ctype>
                <f name="val">
                  <sym value="قَمِيص"/>
                </f>
              </fs>
            </f>
          </fs>
        </f>
        <f name="FE1">
          <fs coref="F0">
            <ctype>
              <type val="actor"/>
              <type val="agent"/>
            </ctype>
            <f name="subFrame">
              <fs coref="B0">
                <ctype>
                  <type val="concrete"/>
                  <type val="natural"/>
                  <type val="animate"/>
                  <type val="selRestr"/>
                </ctype>
                <f name="val">
                  <sym value="خَمْسُونَ"/>
                </f>
                <f name="syntagme">
                  <fs coref="C0">
                    <ctype>
                      <type val="currency"/>
                      <type val="selRestr"/>
                    </ctype>
                    <f name="val">
                      <sym value="دِرْهَم"/>
                    </f>
                  </fs>
                </f>
              </fs>
            </f>
          </fs>
        </f>
      </fs>
    </frame>
  </parse>
  <parse>
    <derivationTree>
      <tree id="TransitifActif_444--تُفَصِّلُ4--2">
        <tree id="SyntagmeSemiProp_55--خَمْسُونَ1--15" node="1.1.1" op="subst">
          <tree id="NomCommun_9--دِرْهَمًا2--0" node="2" op="subst"/>
        </tree>
        <tree id="ProcEnc_3--لَا3--3" node="1.2.1" op="adj"/>
        <tree id="NomCommun_9--قَمِيصًا5--0" node="1.3.1" op="subst"/>
      </tree>
    </derivationTree>
    <derivedTree>
      <node type="std">
        <node type="std">
          <node type="std">
            <node type="std">
              <node type="std">
                <node type="lex" value="خَمْسُونَ">
                  <narg>
                    <fs>
                      <f name="cat">
                        <sym value="خَمْسُونَ"/>
                      </f>
                    </fs>
                  </narg>
                </node>
                <narg>
                  <fs>
                    <f name="cas">
                      <sym value="nom"/>
                    </f>
                    <f name="cat">
                      <sym value="qual"/>
                    </f>
                    <f name="def">
                      <sym value="0"/>
                    </f>
                    <f name="gen">
                      <sym value="f"/>
                    </f>
                    <f name="npro">
                      <sym value="0"/>
                    </f>
                    <f name="num">
                      <sym value="sg"/>
                    </f>
                    <f name="oclit">
                      <sym value="o_0"/>
                    </f>
                  </fs>
                </narg>
              </node>
              <node type="std">
                <node type="lex" value="دِرْهَمًا">
                  <narg>
                    <fs>
                      <f name="cat">
                        <sym value="دِرْهَمًا"/>
                      </f>
                    </fs>
                  </narg>
                </node>
                <narg>
                  <fs>
                    <f name="anime">
                      <sym value="a_0"/>
                    </f>
                    <f name="cas">
                      <sym value="nom"/>
                    </f>
                    <f name="cat">
                      <sym value="sn"/>
                    </f>
                    <f name="def">
                      <sym value="0"/>
                    </f>
                    <f name="gen">
                      <sym value="m"/>
                    </f>
                    <f name="hum">
                      <sym value="h_0"/>
                    </f>
                    <f name="i">
                      <sym varname="B0"/>
                    </f>
                    <f name="npro">
                      <sym value="0"/>
                    </f>
                    <f name="num">
                      <sym value="sg"/>
                    </f>
                    <f name="oclit">
                      <sym value="o_0"/>
                    </f>
                    <f name="subcat">
                      <sym value="sn_com"/>
                    </f>
                  </fs>
                </narg>
              </node>
              <narg>
                <fs>
                  <f name="anime">
                    <sym varname="X1985643813_13"/>
                  </f>
                  <f name="cas">
                    <sym value="nom"/>
                  </f>
                  <f name="cat">
                    <sym value="sn"/>
                  </f>
                  <f name="def">
                    <sym value="0"/>
                  </f>
                  <f name="fg">
                    <sym value="sujet"/>
                  </f>
                  <f name="gen">
                    <sym value="f"/>
                  </f>
                  <f name="hum">
                    <sym varname="X1985643813_12"/>
                  </f>
                  <f name="i">
                    <sym varname="C0"/>
                  </f>
                  <f name="num">
                    <sym value="sg"/>
                  </f>
                  <f name="subcat">
                    <sym value="sn_sem_qual"/>
                  </f>
                </fs>
              </narg>
            </node>
            <narg>
              <fs>
                <f name="cat">
                  <sym value="advd"/>
                </f>
                <f name="e">
                  <sym varname="F0"/>
                </f>
              </fs>
            </narg>
          </node>
          <node type="std">
            <node type="std">
              <node type="std">
                <node type="lex" value="لَا">
                  <narg>
                    <fs>
                      <f name="cat">
                        <sym value="لَا"/>
                      </f>
                    </fs>
                  </narg>
                </node>
                <narg>
                  <fs>
                    <f name="cat">
                      <sym value="proc_v"/>
                    </f>
                    <f name="def">
                      <sym value="0"/>
                    </f>
                    <f name="e">
                      <sym varname="F0"/>
                    </f>
                    <f name="mode">
                      <sym value="ind"/>
                    </f>
                    <f name="npro">
                      <sym value="0"/>
                    </f>
                    <f name="oclit">
                      <sym value="o_0"/>
                    </f>
                  </fs>
                </narg>
              </node>
              <node type="std">
                <node type="lex" value="تُفَصِّلُ">
                  <narg>
                    <fs>
                      <f name="cat">
                        <sym value="تُفَصِّلُ"/>
                      </f>
                    </fs>
                  </narg>
                </node>
                <narg>
                  <fs>
                    <f name="aspect">
                      <sym value="inacco"/>
                    </f>
                    <f name="cat">
                      <sym value="v"/>
                    </f>
                    <f name="def">
                      <sym value="0"/>
                    </f>
                    <f name="e">
                      <sym varname="F0"/>
                    </f>
                    <f name="gen">
                      <sym value="f"/>
                    </f>
                    <f name="mode">
                      <sym value="ind"/>
                    </f>
                    <f name="npro">
                      <sym value="0"/>
                    </f>
                    <f name="num">
                      <sym value="sg"/>
                    </f>
                    <f name="oclit">
                      <sym value="o_0"/>
                    </f>
                    <f name="pclit">
                      <sym value="p_0"/>
                    </f>
                    <f name="pers">
                      <sym value="5"/>
                    </f>
                    <f name="suj">
                      <sym value="s_1"/>
                    </f>
                    <f name="voix">
                      <sym value="act"/>
                    </f>
                  </fs>
                </narg>
              </node>
              <narg>
                <fs>
                  <f name="aspect">
                    <sym value="inacco"/>
                  </f>
                  <f name="cat">
                    <sym value="v"/>
                  </f>
                  <f name="e">
                    <sym varname="F0"/>
                  </f>
                  <f name="gen">
                    <sym value="f"/>
                  </f>
                  <f name="genA">
                    <sym varname="X1985643813_7"/>
                  </f>
                  <f name="mode">
                    <sym value="ind"/>
                  </f>
                  <f name="num">
                    <sym value="sg"/>
                  </f>
                  <f name="numA">
                    <sym varname="X1985643813_8"/>
                  </f>
                  <f name="oclit">
                    <sym value="o_0"/>
                  </f>
                  <f name="pclit">
                    <sym value="p_1"/>
                  </f>
                  <f name="voix">
                    <sym value="act"/>
                  </f>
                </fs>
              </narg>
            </node>
            <narg>
              <fs>
                <f name="cat">
                  <sym value="advd"/>
                </f>
                <f name="e">
                  <sym varname="F0"/>
                </f>
              </fs>
            </narg>
          </node>
          <node type="std">
            <node type="std">
              <node type="lex" value="قَمِيصًا">
                <narg>
                  <fs>
                    <f name="cat">
                      <sym value="قَمِيصًا"/>
                    </f>
                  </fs>
                </narg>
              </node>
              <narg>
                <fs>
                  <f name="anime">
                    <sym value="a_0"/>
                  </f>
                  <f name="cas">
                    <sym value="acc"/>
                  </f>
                  <f name="cat">
                    <sym value="sn"/>
                  </f>
                  <f name="def">
                    <sym value="0"/>
                  </f>
                  <f name="fg">
                    <sym value="objet1"/>
                  </f>
                  <f name="fgtype">
                    <sym value="direct"/>
                  </f>
                  <f name="gen">
                    <sym value="m"/>
                  </f>
                  <f name="hum">
                    <sym value="h_0"/>
                  </f>
                  <f name="i">
                    <sym varname="A0"/>
                  </f>
                  <f name="npro">
                    <sym value="0"/>
                  </f>
                  <f name="num">
                    <sym value="sg"/>
                  </f>
                  <f name="oclit">
                    <sym value="o_0"/>
                  </f>
                  <f name="subcat">
                    <sym value="sn_com"/>
                  </f>
                </fs>
              </narg>
            </node>
            <narg>
              <fs>
                <f name="cat">
                  <sym value="advd"/>
                </f>
                <f name="e">
                  <sym varname="F0"/>
                </f>
              </fs>
            </narg>
          </node>
          <narg>
            <fs>
              <f name="cat">
                <sym value="advg"/>
              </f>
              <f name="e">
                <sym varname="F0"/>
              </f>
            </fs>
          </narg>
        </node>
        <narg>
          <fs>
            <f name="aspect">
              <sym value="inacco"/>
            </f>
            <f name="cat">
              <sym value="sv"/>
            </f>
            <f name="e">
              <sym varname="F0"/>
            </f>
            <f name="gen">
              <sym value="f"/>
            </f>
            <f name="genA">
              <sym varname="X1985643813_7"/>
            </f>
            <f name="mode">
              <sym value="ind"/>
            </f>
            <f name="num">
              <sym value="sg"/>
            </f>
            <f name="numA">
              <sym varname="X1985643813_8"/>
            </f>
            <f name="oclit">
              <sym value="o_0"/>
            </f>
            <f name="suj">
              <sym value="s_1"/>
            </f>
            <f name="voix">
              <sym value="act"/>
            </f>
          </fs>
        </narg>
      </node>
    </derivedTree>
    <semantics/>
    <specified_semantics/>
    <frame>
      <fs coref="F0">
        <ctype>
          <type val="change"/>
          <type val="event"/>
        </ctype>
        <f name="FE2">
          <fs coref="E0">
            <ctype>
              <type val="topic"/>
            </ctype>
            <f name="subFrame">
              <fs coref="A0">
                <ctype>
                  <type val="concrete"/>
                  <type val="selRestr"/>
                </ctype>
                <f name="val">
                  <sym value="قَمِيص"/>
                </f>
              </fs>
            </f>
          </fs>
        </f>
        <f name="FE1">
          <fs coref="D0">
            <ctype>
              <type val="actor"/>
              <type val="agent"/>
            </ctype>
            <f name="subFrame">
              <fs coref="C0">
                <ctype>
                  <type val="concrete"/>
                  <type val="natural"/>
                  <type val="organization"/>
                  <type val="nonhuman"/>
                  <type val="animate"/>
                  <type val="selRestr"/>
                </ctype>
                <f name="val">
                  <sym value="خَمْسُونَ"/>
                </f>
                <f name="syntagme">
                  <fs coref="B0">
                    <ctype>
                      <type val="currency"/>
                      <type val="selRestr"/>
                    </ctype>
                    <f name="val">
                      <sym value="دِرْهَم"/>
                    </f>
                  </fs>
                </f>
              </fs>
            </f>
          </fs>
        </f>
      </fs>
    </frame>
  </parse>
  <parse>
    <derivationTree>
      <tree id="TransitifActif_444--تُفَصِّلُ4--2">
        <tree id="SyntagmeSemiProp_55--خَمْسُونَ1--15" node="1.1.1" op="subst">
          <tree id="NomCommun_9--دِرْهَمًا2--0" node="2" op="subst"/>
        </tree>
        <tree id="ProcEnc_3--لَا3--3" node="1.2.1" op="adj"/>
        <tree id="NomCommun_9--قَمِيصًا5--0" node="1.3.1" op="subst"/>
      </tree>
    </derivationTree>
    <derivedTree>
      <node type="std">
        <node type="std">
          <node type="std">
            <node type="std">
              <node type="std">
                <node type="lex" value="خَمْسُونَ">
                  <narg>
                    <fs>
                      <f name="cat">
                        <sym value="خَمْسُونَ"/>
                      </f>
                    </fs>
                  </narg>
                </node>
                <narg>
                  <fs>
                    <f name="cas">
                      <sym value="nom"/>
                    </f>
                    <f name="cat">
                      <sym value="qual"/>
                    </f>
                    <f name="def">
                      <sym value="0"/>
                    </f>
                    <f name="gen">
                      <sym value="f"/>
                    </f>
                    <f name="npro">
                      <sym value="0"/>
                    </f>
                    <f name="num">
                      <sym value="sg"/>
                    </f>
                    <f name="oclit">
                      <sym value="o_0"/>
                    </f>
                  </fs>
                </narg>
              </node>
              <node type="std">
                <node type="lex" value="دِرْهَمًا">
                  <narg>
                    <fs>
                      <f name="cat">
                        <sym value="دِرْهَمًا"/>
                      </f>
                    </fs>
                  </narg>
                </node>
                <narg>
                  <fs>
                    <f name="anime">
                      <sym value="a_0"/>
                    </f>
                    <f name="cas">
                      <sym value="nom"/>
                    </f>
                    <f name="cat">
                      <sym value="sn"/>
                    </f>
                    <f name="def">
                      <sym value="0"/>
                    </f>
                    <f name="gen">
                      <sym value="m"/>
                    </f>
                    <f name="hum">
                      <sym value="h_0"/>
                    </f>
                    <f name="i">
                      <sym varname="B0"/>
                    </f>
                    <f name="npro">
                      <sym value="0"/>
                    </f>
                    <f name="num">
                      <sym value="sg"/>
                    </f>
                    <f name="oclit">
                      <sym value="o_0"/>
                    </f>
                    <f name="subcat">
                      <sym value="sn_com"/>
                    </f>
                  </fs>
                </narg>
              </node>
              <narg>
                <fs>
                  <f name="anime">
                    <sym varname="X1012705596_13"/>
                  </f>
                  <f name="cas">
                    <sym value="nom"/>
                  </f>
                  <f name="cat">
                    <sym value="sn"/>
                  </f>
                  <f name="def">
                    <sym value="0"/>
                  </f>
                  <f name="fg">
                    <sym value="sujet"/>
                  </f>
                  <f name="gen">
                    <sym value="f"/>
                  </f>
                  <f name="hum">
                    <sym varname="X1012705596_12"/>
                  </f>
                  <f name="i">
                    <sym varname="C0"/>
                  </f>
                  <f name="num">
                    <sym value="sg"/>
                  </f>
                  <f name="subcat">
                    <sym value="sn_sem_qual"/>
                  </f>
                </fs>
              </narg>
            </node>
            <narg>
              <fs>
                <f name="cat">
                  <sym value="advd"/>
                </f>
                <f name="e">
                  <sym varname="D0"/>
                </f>
              </fs>
            </narg>
          </node>
          <node type="std">
            <node type="std">
              <node type="std">
                <node type="lex" value="لَا">
                  <narg>
                    <fs>
                      <f name="cat">
                        <sym value="لَا"/>
                      </f>
                    </fs>
                  </narg>
                </node>
                <narg>
                  <fs>
                    <f name="cat">
                      <sym value="proc_v"/>
                    </f>
                    <f name="def">
                      <sym value="0"/>
                    </f>
                    <f name="e">
                      <sym varname="D0"/>
                    </f>
                    <f name="mode">
                      <sym value="ind"/>
                    </f>
                    <f name="npro">
                      <sym value="0"/>
                    </f>
                    <f name="oclit">
                      <sym value="o_0"/>
                    </f>
                  </fs>
                </narg>
              </node>
              <node type="std">
                <node type="lex" value="تُفَصِّلُ">
                  <narg>
                    <fs>
                      <f name="cat">
                        <sym value="تُفَصِّلُ"/>
                      </f>
                    </fs>
                  </narg>
                </node>
                <narg>
                  <fs>
                    <f name="aspect">
                      <sym value="inacco"/>
                    </f>
                    <f name="cat">
                      <sym value="v"/>
                    </f>
                    <f name="def">
                      <sym value="0"/>
                    </f>
                    <f name="e">
                      <sym varname="D0"/>
                    </f>
                    <f name="gen">
                      <sym value="f"/>
                    </f>
                    <f name="mode">
                      <sym value="ind"/>
                    </f>
                    <f name="npro">
                      <sym value="0"/>
                    </f>
                    <f name="num">
                      <sym value="sg"/>
                    </f>
                    <f name="oclit">
                      <sym value="o_0"/>
                    </f>
                    <f name="pclit">
                      <sym value="p_0"/>
                    </f>
                    <f name="pers">
                      <sym value="5"/>
                    </f>
                    <f name="suj">
                      <sym value="s_1"/>
                    </f>
                    <f name="voix">
                      <sym value="act"/>
                    </f>
                  </fs>
                </narg>
              </node>
              <narg>
                <fs>
                  <f name="aspect">
                    <sym value="inacco"/>
                  </f>
                  <f name="cat">
                    <sym value="v"/>
                  </f>
                  <f name="e">
                    <sym varname="D0"/>
                  </f>
                  <f name="gen">
                    <sym value="f"/>
                  </f>
                  <f name="genA">
                    <sym varname="X1012705596_7"/>
                  </f>
                  <f name="mode">
                    <sym value="ind"/>
                  </f>
                  <f name="num">
                    <sym value="sg"/>
                  </f>
                  <f name="numA">
                    <sym varname="X1012705596_8"/>
                  </f>
                  <f name="oclit">
                    <sym value="o_0"/>
                  </f>
                  <f name="pclit">
                    <sym value="p_1"/>
                  </f>
                  <f name="voix">
                    <sym value="act"/>
                  </f>
                </fs>
              </narg>
            </node>
            <narg>
              <fs>
                <f name="cat">
                  <sym value="advd"/>
                </f>
                <f name="e">
                  <sym varname="D0"/>
                </f>
              </fs>
            </narg>
          </node>
          <node type="std">
            <node type="std">
              <node type="lex" value="قَمِيصًا">
                <narg>
                  <fs>
                    <f name="cat">
                      <sym value="قَمِيصًا"/>
                    </f>
                  </fs>
                </narg>
              </node>
              <narg>
                <fs>
                  <f name="anime">
                    <sym value="a_0"/>
                  </f>
                  <f name="cas">
                    <sym value="acc"/>
                  </f>
                  <f name="cat">
                    <sym value="sn"/>
                  </f>
                  <f name="def">
                    <sym value="0"/>
                  </f>
                  <f name="fg">
                    <sym value="objet1"/>
                  </f>
                  <f name="fgtype">
                    <sym value="direct"/>
                  </f>
                  <f name="gen">
                    <sym value="m"/>
                  </f>
                  <f name="hum">
                    <sym value="h_0"/>
                  </f>
                  <f name="i">
                    <sym varname="A0"/>
                  </f>
                  <f name="npro">
                    <sym value="0"/>
                  </f>
                  <f name="num">
                    <sym value="sg"/>
                  </f>
                  <f name="oclit">
                    <sym value="o_0"/>
                  </f>
                  <f name="subcat">
                    <sym value="sn_com"/>
                  </f>
                </fs>
              </narg>
            </node>
            <narg>
              <fs>
                <f name="cat">
                  <sym value="advd"/>
                </f>
                <f name="e">
                  <sym varname="D0"/>
                </f>
              </fs>
            </narg>
          </node>
          <narg>
            <fs>
              <f name="cat">
                <sym value="advg"/>
              </f>
              <f name="e">
                <sym varname="D0"/>
              </f>
            </fs>
          </narg>
        </node>
        <narg>
          <fs>
            <f name="aspect">
              <sym value="inacco"/>
            </f>
            <f name="cat">
              <sym value="sv"/>
            </f>
            <f name="e">
              <sym varname="D0"/>
            </f>
            <f name="gen">
              <sym value="f"/>
            </f>
            <f name="genA">
              <sym varname="X1012705596_7"/>
            </f>
            <f name="mode">
              <sym value="ind"/>
            </f>
            <f name="num">
              <sym value="sg"/>
            </f>
            <f name="numA">
              <sym varname="X1012705596_8"/>
            </f>
            <f name="oclit">
              <sym value="o_0"/>
            </f>
            <f name="suj">
              <sym value="s_1"/>
            </f>
            <f name="voix">
              <sym value="act"/>
            </f>
          </fs>
        </narg>
      </node>
    </derivedTree>
    <semantics/>
    <specified_semantics/>
    <frame>
      <fs coref="D0">
        <ctype>
          <type val="change"/>
          <type val="event"/>
        </ctype>
        <f name="FE2">
          <fs coref="E0">
            <ctype>
              <type val="product"/>
              <type val="goal"/>
              <type val="patient"/>
              <type val="undergoer"/>
              <type val="place"/>
            </ctype>
            <f name="subFrame">
              <fs coref="A0">
                <ctype>
                  <type val="concrete"/>
                  <type val="selRestr"/>
                </ctype>
                <f name="val">
                  <sym value="قَمِيص"/>
                </f>
              </fs>
            </f>
          </fs>
        </f>
        <f name="FE1">
          <fs coref="F0">
            <ctype>
              <type val="actor"/>
              <type val="agent"/>
            </ctype>
            <f name="subFrame">
              <fs coref="C0">
                <ctype>
                  <type val="concrete"/>
                  <type val="machine"/>
                  <type val="int_control"/>
                  <type val="selRestr"/>
                </ctype>
                <f name="val">
                  <sym value="خَمْسُونَ"/>
                </f>
                <f name="syntagme">
                  <fs coref="B0">
                    <ctype>
                      <type val="currency"/>
                      <type val="selRestr"/>
                    </ctype>
                    <f name="val">
                      <sym value="دِرْهَم"/>
                    </f>
                  </fs>
                </f>
              </fs>
            </f>
          </fs>
        </f>
      </fs>
    </frame>
  </parse>
</parses>
