<?xml version="1.0" encoding="UTF-8" standalone="no"?>
<!DOCTYPE parses SYSTEM "tulipa-parses.dtd,xml">
<parses sentence="ضَحِكَت سَلمَى لِ نُكَتِ هِ ال سَاخِرَة">
  <parse>
    <derivationTree>
      <tree id="TransitifActif_475--ضَحِكَت1--33">
        <tree id="NomPropre_11--سَلمَى2--0" node="1.2.1" op="subst"/>
        <tree id="Adverbe_95--سَاخِرَة7--1" node="1.3" op="adj">
          <tree id="ProcEnc_0--ال6--0" node="2.1" op="subst"/>
        </tree>
        <tree id="SyntagmeAnnex_67--نُكَتِ4--1" node="1.3.1.2" op="subst">
          <tree id="ProcEnc_1--هِ5--1" node="2" op="subst"/>
        </tree>
      </tree>
    </derivationTree>
    <derivedTree>
      <node type="std">
        <node type="std">
          <node type="std">
            <node type="std">
              <node type="lex" value="ضَحِكَت">
                <narg>
                  <fs>
                    <f name="cat">
                      <sym value="ضَحِكَت"/>
                    </f>
                  </fs>
                </narg>
              </node>
              <narg>
                <fs>
                  <f name="aspect">
                    <sym value="acco"/>
                  </f>
                  <f name="cat">
                    <sym value="v"/>
                  </f>
                  <f name="def">
                    <sym value="0"/>
                  </f>
                  <f name="e">
                    <sym varname="G0"/>
                  </f>
                  <f name="gen">
                    <sym value="f"/>
                  </f>
                  <f name="genA">
                    <sym varname="X34614855_7"/>
                  </f>
                  <f name="mode">
                    <sym value="ind"/>
                  </f>
                  <f name="npro">
                    <sym value="0"/>
                  </f>
                  <f name="num">
                    <sym value="sg"/>
                  </f>
                  <f name="numA">
                    <sym varname="X34614855_8"/>
                  </f>
                  <f name="oclit">
                    <sym value="o_0"/>
                  </f>
                  <f name="pclit">
                    <sym value="p_0"/>
                  </f>
                  <f name="pers">
                    <sym value="5"/>
                  </f>
                  <f name="suj">
                    <sym value="s_1"/>
                  </f>
                  <f name="voix">
                    <sym value="act"/>
                  </f>
                </fs>
              </narg>
            </node>
            <narg>
              <fs>
                <f name="cat">
                  <sym value="advd"/>
                </f>
                <f name="e">
                  <sym varname="G0"/>
                </f>
              </fs>
            </narg>
          </node>
          <node type="std">
            <node type="std">
              <node type="lex" value="سَلمَى">
                <narg>
                  <fs>
                    <f name="cat">
                      <sym value="سَلمَى"/>
                    </f>
                  </fs>
                </narg>
              </node>
              <narg>
                <fs>
                  <f name="anime">
                    <sym value="a_1"/>
                  </f>
                  <f name="cas">
                    <sym value="nom"/>
                  </f>
                  <f name="cat">
                    <sym value="sn"/>
                  </f>
                  <f name="def">
                    <sym value="0"/>
                  </f>
                  <f name="fg">
                    <sym value="sujet"/>
                  </f>
                  <f name="gen">
                    <sym value="f"/>
                  </f>
                  <f name="hum">
                    <sym value="h_1"/>
                  </f>
                  <f name="i">
                    <sym varname="D0"/>
                  </f>
                  <f name="npro">
                    <sym value="1"/>
                  </f>
                  <f name="num">
                    <sym value="sg"/>
                  </f>
                  <f name="oclit">
                    <sym value="o_0"/>
                  </f>
                  <f name="subcat">
                    <sym value="nom_prop"/>
                  </f>
                </fs>
              </narg>
            </node>
            <narg>
              <fs>
                <f name="cat">
                  <sym value="advd"/>
                </f>
                <f name="e">
                  <sym varname="G0"/>
                </f>
              </fs>
            </narg>
          </node>
          <node type="std">
            <node type="std">
              <node type="std">
                <node type="std">
                  <node type="lex" value="لِ">
                    <narg>
                      <fs>
                        <f name="cat">
                          <sym value="لِ"/>
                        </f>
                      </fs>
                    </narg>
                  </node>
                  <narg>
                    <fs>
                      <f name="cat">
                        <sym value="p"/>
                      </f>
                    </fs>
                  </narg>
                </node>
                <node type="std">
                  <node type="std">
                    <node type="lex" value="نُكَتِ">
                      <narg>
                        <fs>
                          <f name="cat">
                            <sym value="نُكَتِ"/>
                          </f>
                        </fs>
                      </narg>
                    </node>
                    <narg>
                      <fs>
                        <f name="anime">
                          <sym value="a_0"/>
                        </f>
                        <f name="cas">
                          <sym value="gen"/>
                        </f>
                        <f name="cat">
                          <sym value="sn"/>
                        </f>
                        <f name="def">
                          <sym value="0"/>
                        </f>
                        <f name="gen">
                          <sym value="f"/>
                        </f>
                        <f name="hum">
                          <sym value="h_0"/>
                        </f>
                        <f name="npro">
                          <sym value="0"/>
                        </f>
                        <f name="num">
                          <sym value="sg"/>
                        </f>
                        <f name="oclit">
                          <sym value="o_0"/>
                        </f>
                      </fs>
                    </narg>
                  </node>
                  <node type="std">
                    <node type="lex" value="هِ">
                      <narg>
                        <fs>
                          <f name="cat">
                            <sym value="هِ"/>
                          </f>
                        </fs>
                      </narg>
                    </node>
                    <narg>
                      <fs>
                        <f name="cas">
                          <sym value="gen"/>
                        </f>
                        <f name="cat">
                          <sym value="enc"/>
                        </f>
                        <f name="def">
                          <sym value="0"/>
                        </f>
                        <f name="gen">
                          <sym value="m"/>
                        </f>
                        <f name="i">
                          <sym varname="A0"/>
                        </f>
                        <f name="npro">
                          <sym value="0"/>
                        </f>
                        <f name="num">
                          <sym value="sg"/>
                        </f>
                        <f name="oclit">
                          <sym value="o_0"/>
                        </f>
                      </fs>
                    </narg>
                  </node>
                  <narg>
                    <fs>
                      <f name="anime">
                        <sym value="a_0"/>
                      </f>
                      <f name="cas">
                        <sym value="gen"/>
                      </f>
                      <f name="cat">
                        <sym value="sn"/>
                      </f>
                      <f name="def">
                        <sym value="0"/>
                      </f>
                      <f name="fg">
                        <sym value="objet1"/>
                      </f>
                      <f name="gen">
                        <sym value="f"/>
                      </f>
                      <f name="hum">
                        <sym value="h_0"/>
                      </f>
                      <f name="i">
                        <sym varname="B0"/>
                      </f>
                      <f name="npro">
                        <sym value="0"/>
                      </f>
                      <f name="num">
                        <sym value="sg"/>
                      </f>
                      <f name="oclit">
                        <sym value="o_1"/>
                      </f>
                      <f name="subcat">
                        <sym value="sn_ann"/>
                      </f>
                    </fs>
                  </narg>
                </node>
                <narg>
                  <fs>
                    <f name="cat">
                      <sym value="sp"/>
                    </f>
                    <f name="fgtype">
                      <sym value="indirect"/>
                    </f>
                    <f name="i">
                      <sym varname="B0"/>
                    </f>
                  </fs>
                </narg>
              </node>
              <narg>
                <fs>
                  <f name="cat">
                    <sym value="advd"/>
                  </f>
                  <f name="e">
                    <sym varname="G0"/>
                  </f>
                </fs>
              </narg>
            </node>
            <node type="std">
              <node type="std">
                <node type="lex" value="ال">
                  <narg>
                    <fs>
                      <f name="cat">
                        <sym value="ال"/>
                      </f>
                    </fs>
                  </narg>
                </node>
                <narg>
                  <fs>
                    <f name="cat">
                      <sym value="proc_def"/>
                    </f>
                    <f name="def">
                      <sym value="0"/>
                    </f>
                    <f name="npro">
                      <sym value="1"/>
                    </f>
                    <f name="oclit">
                      <sym value="o_0"/>
                    </f>
                  </fs>
                </narg>
              </node>
              <node type="std">
                <node type="lex" value="سَاخِرَة">
                  <narg>
                    <fs>
                      <f name="cat">
                        <sym value="سَاخِرَة"/>
                      </f>
                    </fs>
                  </narg>
                </node>
                <narg>
                  <fs>
                    <f name="cas">
                      <sym value="gen"/>
                    </f>
                    <f name="cat">
                      <sym value="adj"/>
                    </f>
                    <f name="def">
                      <sym value="0"/>
                    </f>
                    <f name="gen">
                      <sym value="f"/>
                    </f>
                    <f name="npro">
                      <sym value="0"/>
                    </f>
                    <f name="num">
                      <sym value="sg"/>
                    </f>
                    <f name="oclit">
                      <sym value="o_0"/>
                    </f>
                  </fs>
                </narg>
              </node>
              <narg>
                <fs>
                  <f name="cas">
                    <sym value="gen"/>
                  </f>
                  <f name="cat">
                    <sym value="adj"/>
                  </f>
                  <f name="def">
                    <sym value="1"/>
                  </f>
                  <f name="gen">
                    <sym value="f"/>
                  </f>
                  <f name="i">
                    <sym varname="C0"/>
                  </f>
                  <f name="num">
                    <sym value="sg"/>
                  </f>
                </fs>
              </narg>
            </node>
            <narg>
              <fs>
                <f name="cat">
                  <sym value="advd"/>
                </f>
                <f name="e">
                  <sym varname="G0"/>
                </f>
              </fs>
            </narg>
          </node>
          <narg>
            <fs>
              <f name="cat">
                <sym value="advg"/>
              </f>
              <f name="e">
                <sym varname="G0"/>
              </f>
            </fs>
          </narg>
        </node>
        <narg>
          <fs>
            <f name="aspect">
              <sym value="acco"/>
            </f>
            <f name="cat">
              <sym value="sv"/>
            </f>
            <f name="e">
              <sym varname="G0"/>
            </f>
            <f name="gen">
              <sym value="f"/>
            </f>
            <f name="genA">
              <sym varname="X34614855_7"/>
            </f>
            <f name="mode">
              <sym value="ind"/>
            </f>
            <f name="num">
              <sym value="sg"/>
            </f>
            <f name="numA">
              <sym varname="X34614855_8"/>
            </f>
            <f name="oclit">
              <sym value="o_0"/>
            </f>
            <f name="suj">
              <sym value="s_1"/>
            </f>
            <f name="voix">
              <sym value="act"/>
            </f>
          </fs>
        </narg>
      </node>
    </derivedTree>
    <semantics/>
    <specified_semantics/>
    <frame>
      <fs coref="G0">
        <ctype>
          <type val="emotion"/>
          <type val="event"/>
        </ctype>
        <f name="FE2">
          <fs coref="F0">
            <ctype>
              <type val="actor"/>
              <type val="cause"/>
            </ctype>
            <f name="subFrame">
              <fs coref="B0">
                <ctype>
                  <type val="abstract"/>
                  <type val="selRestr"/>
                </ctype>
                <f name="val">
                  <sym value="نُكَتِ"/>
                </f>
                <f name="annexion">
                  <fs coref="A0">
                    <ctype>
                      <type val="concrete"/>
                      <type val="natural"/>
                      <type val="animate"/>
                      <type val="selRestr"/>
                    </ctype>
                    <f name="val">
                      <sym value="هِ"/>
                    </f>
                  </fs>
                </f>
              </fs>
            </f>
          </fs>
        </f>
        <f name="FE1">
          <fs coref="E0">
            <ctype>
              <type val="actor"/>
              <type val="agent"/>
            </ctype>
            <f name="subFrame">
              <fs coref="D0">
                <ctype>
                  <type val="concrete"/>
                  <type val="natural"/>
                  <type val="animate"/>
                  <type val="human"/>
                  <type val="selRestr"/>
                </ctype>
                <f name="nameProp">
                  <sym value="سَلمَى"/>
                </f>
              </fs>
            </f>
          </fs>
        </f>
      </fs>
      <fs coref="C0">
        <ctype/>
        <f name="adjective">
          <sym value="سَاخِرَة"/>
        </f>
      </fs>
    </frame>
  </parse>
</parses>
