<?xml version="1.0" encoding="UTF-8" standalone="no"?>
<!DOCTYPE parses SYSTEM "tulipa-parses.dtd,xml">
<parses sentence="لَوَّحَ ال مُتَفَرِّجُ بِ يَدِ هِ لِ سُلُوكِ هِ ال مُشِين">
  <parse>
    <derivationTree>
      <tree id="DiTransitifActif_707--لَوَّحَ1--167">
        <tree id="NomCommun_10--مُتَفَرِّجُ3--1" node="1.2.1" op="subst">
          <tree id="ProcEnc_0--ال2--0" node="1" op="subst"/>
        </tree>
        <tree id="SyntagmeAnnex_67--يَدِ5--1" node="1.3.1.2" op="subst">
          <tree id="ProcEnc_1--هِ6--1" node="2" op="subst"/>
        </tree>
        <tree id="SyntagmeAnnex_67--سُلُوكِ8--1" node="1.4.1.2" op="subst">
          <tree id="SyntagmeAppro_30--مُشِين11--1" node="0" op="adj">
            <tree id="ProcEnc_0--ال10--0" node="2.1" op="subst"/>
          </tree>
          <tree id="ProcEnc_1--هِ9--1" node="2" op="subst"/>
        </tree>
      </tree>
    </derivationTree>
    <derivedTree>
      <node type="std">
        <node type="std">
          <node type="std">
            <node type="std">
              <node type="lex" value="لَوَّحَ">
                <narg>
                  <fs>
                    <f name="cat">
                      <sym value="لَوَّحَ"/>
                    </f>
                  </fs>
                </narg>
              </node>
              <narg>
                <fs>
                  <f name="aspect">
                    <sym value="acco"/>
                  </f>
                  <f name="cat">
                    <sym value="v"/>
                  </f>
                  <f name="def">
                    <sym value="0"/>
                  </f>
                  <f name="e">
                    <sym varname="I0"/>
                  </f>
                  <f name="gen">
                    <sym value="m"/>
                  </f>
                  <f name="genA">
                    <sym varname="X741908443_7"/>
                  </f>
                  <f name="mode">
                    <sym value="ind"/>
                  </f>
                  <f name="npro">
                    <sym value="0"/>
                  </f>
                  <f name="num">
                    <sym value="sg"/>
                  </f>
                  <f name="numA">
                    <sym varname="X741908443_8"/>
                  </f>
                  <f name="oclit">
                    <sym value="o_0"/>
                  </f>
                  <f name="pclit">
                    <sym value="p_0"/>
                  </f>
                  <f name="pers">
                    <sym value="4"/>
                  </f>
                  <f name="suj">
                    <sym value="s_1"/>
                  </f>
                  <f name="voix">
                    <sym value="act"/>
                  </f>
                </fs>
              </narg>
            </node>
            <narg>
              <fs>
                <f name="cat">
                  <sym value="advd"/>
                </f>
                <f name="e">
                  <sym varname="I0"/>
                </f>
              </fs>
            </narg>
          </node>
          <node type="std">
            <node type="std">
              <node type="std">
                <node type="lex" value="ال">
                  <narg>
                    <fs>
                      <f name="cat">
                        <sym value="ال"/>
                      </f>
                    </fs>
                  </narg>
                </node>
                <narg>
                  <fs>
                    <f name="cat">
                      <sym value="proc_def"/>
                    </f>
                    <f name="def">
                      <sym value="0"/>
                    </f>
                    <f name="npro">
                      <sym value="0"/>
                    </f>
                    <f name="oclit">
                      <sym value="o_0"/>
                    </f>
                  </fs>
                </narg>
              </node>
              <node type="std">
                <node type="lex" value="مُتَفَرِّجُ">
                  <narg>
                    <fs>
                      <f name="cat">
                        <sym value="مُتَفَرِّجُ"/>
                      </f>
                    </fs>
                  </narg>
                </node>
                <narg>
                  <fs>
                    <f name="anime">
                      <sym value="a_1"/>
                    </f>
                    <f name="cas">
                      <sym value="nom"/>
                    </f>
                    <f name="cat">
                      <sym value="sn"/>
                    </f>
                    <f name="def">
                      <sym value="0"/>
                    </f>
                    <f name="gen">
                      <sym value="m"/>
                    </f>
                    <f name="hum">
                      <sym value="h_1"/>
                    </f>
                    <f name="i">
                      <sym varname="D0"/>
                    </f>
                    <f name="npro">
                      <sym value="0"/>
                    </f>
                    <f name="num">
                      <sym value="sg"/>
                    </f>
                    <f name="oclit">
                      <sym value="o_0"/>
                    </f>
                    <f name="subcat">
                      <sym value="sn_com"/>
                    </f>
                  </fs>
                </narg>
              </node>
              <narg>
                <fs>
                  <f name="anime">
                    <sym value="a_1"/>
                  </f>
                  <f name="cas">
                    <sym value="nom"/>
                  </f>
                  <f name="cat">
                    <sym value="sn"/>
                  </f>
                  <f name="def">
                    <sym value="1"/>
                  </f>
                  <f name="fg">
                    <sym value="sujet"/>
                  </f>
                  <f name="gen">
                    <sym value="m"/>
                  </f>
                  <f name="hum">
                    <sym value="h_1"/>
                  </f>
                  <f name="i">
                    <sym varname="D0"/>
                  </f>
                  <f name="npro">
                    <sym value="0"/>
                  </f>
                  <f name="num">
                    <sym value="sg"/>
                  </f>
                  <f name="subcat">
                    <sym value="sn_def"/>
                  </f>
                </fs>
              </narg>
            </node>
            <narg>
              <fs>
                <f name="cat">
                  <sym value="advd"/>
                </f>
                <f name="e">
                  <sym varname="I0"/>
                </f>
              </fs>
            </narg>
          </node>
          <node type="std">
            <node type="std">
              <node type="std">
                <node type="lex" value="بِ">
                  <narg>
                    <fs>
                      <f name="cat">
                        <sym value="بِ"/>
                      </f>
                    </fs>
                  </narg>
                </node>
                <narg>
                  <fs>
                    <f name="cat">
                      <sym value="p"/>
                    </f>
                  </fs>
                </narg>
              </node>
              <node type="std">
                <node type="std">
                  <node type="lex" value="يَدِ">
                    <narg>
                      <fs>
                        <f name="cat">
                          <sym value="يَدِ"/>
                        </f>
                      </fs>
                    </narg>
                  </node>
                  <narg>
                    <fs>
                      <f name="anime">
                        <sym value="a_0"/>
                      </f>
                      <f name="cas">
                        <sym value="gen"/>
                      </f>
                      <f name="cat">
                        <sym value="sn"/>
                      </f>
                      <f name="def">
                        <sym value="0"/>
                      </f>
                      <f name="gen">
                        <sym value="m"/>
                      </f>
                      <f name="hum">
                        <sym value="h_0"/>
                      </f>
                      <f name="npro">
                        <sym value="0"/>
                      </f>
                      <f name="num">
                        <sym value="sg"/>
                      </f>
                      <f name="oclit">
                        <sym value="o_0"/>
                      </f>
                    </fs>
                  </narg>
                </node>
                <node type="std">
                  <node type="lex" value="هِ">
                    <narg>
                      <fs>
                        <f name="cat">
                          <sym value="هِ"/>
                        </f>
                      </fs>
                    </narg>
                  </node>
                  <narg>
                    <fs>
                      <f name="cas">
                        <sym value="gen"/>
                      </f>
                      <f name="cat">
                        <sym value="enc"/>
                      </f>
                      <f name="def">
                        <sym value="0"/>
                      </f>
                      <f name="gen">
                        <sym value="m"/>
                      </f>
                      <f name="i">
                        <sym varname="J0"/>
                      </f>
                      <f name="npro">
                        <sym value="0"/>
                      </f>
                      <f name="num">
                        <sym value="sg"/>
                      </f>
                      <f name="oclit">
                        <sym value="o_0"/>
                      </f>
                    </fs>
                  </narg>
                </node>
                <narg>
                  <fs>
                    <f name="anime">
                      <sym value="a_0"/>
                    </f>
                    <f name="cas">
                      <sym value="gen"/>
                    </f>
                    <f name="cat">
                      <sym value="sn"/>
                    </f>
                    <f name="def">
                      <sym value="0"/>
                    </f>
                    <f name="fg">
                      <sym value="objet1"/>
                    </f>
                    <f name="gen">
                      <sym value="m"/>
                    </f>
                    <f name="hum">
                      <sym value="h_0"/>
                    </f>
                    <f name="i">
                      <sym varname="C0"/>
                    </f>
                    <f name="npro">
                      <sym value="0"/>
                    </f>
                    <f name="num">
                      <sym value="sg"/>
                    </f>
                    <f name="oclit">
                      <sym value="o_1"/>
                    </f>
                    <f name="subcat">
                      <sym value="sn_ann"/>
                    </f>
                  </fs>
                </narg>
              </node>
              <narg>
                <fs>
                  <f name="cat">
                    <sym value="sp"/>
                  </f>
                  <f name="fg">
                    <sym value="objet1"/>
                  </f>
                  <f name="fgtype">
                    <sym value="indirect"/>
                  </f>
                  <f name="i">
                    <sym varname="C0"/>
                  </f>
                </fs>
              </narg>
            </node>
            <narg>
              <fs>
                <f name="cat">
                  <sym value="advd"/>
                </f>
                <f name="e">
                  <sym varname="I0"/>
                </f>
              </fs>
            </narg>
          </node>
          <node type="std">
            <node type="std">
              <node type="std">
                <node type="lex" value="لِ">
                  <narg>
                    <fs>
                      <f name="cat">
                        <sym value="لِ"/>
                      </f>
                    </fs>
                  </narg>
                </node>
                <narg>
                  <fs>
                    <f name="cat">
                      <sym value="p"/>
                    </f>
                  </fs>
                </narg>
              </node>
              <node type="std">
                <node type="std">
                  <node type="std">
                    <node type="lex" value="سُلُوكِ">
                      <narg>
                        <fs>
                          <f name="cat">
                            <sym value="سُلُوكِ"/>
                          </f>
                        </fs>
                      </narg>
                    </node>
                    <narg>
                      <fs>
                        <f name="anime">
                          <sym value="a_0"/>
                        </f>
                        <f name="cas">
                          <sym value="gen"/>
                        </f>
                        <f name="cat">
                          <sym value="sn"/>
                        </f>
                        <f name="def">
                          <sym value="0"/>
                        </f>
                        <f name="gen">
                          <sym value="m"/>
                        </f>
                        <f name="hum">
                          <sym value="h_0"/>
                        </f>
                        <f name="npro">
                          <sym value="0"/>
                        </f>
                        <f name="num">
                          <sym value="sg"/>
                        </f>
                        <f name="oclit">
                          <sym value="o_0"/>
                        </f>
                      </fs>
                    </narg>
                  </node>
                  <node type="std">
                    <node type="lex" value="هِ">
                      <narg>
                        <fs>
                          <f name="cat">
                            <sym value="هِ"/>
                          </f>
                        </fs>
                      </narg>
                    </node>
                    <narg>
                      <fs>
                        <f name="cas">
                          <sym value="gen"/>
                        </f>
                        <f name="cat">
                          <sym value="enc"/>
                        </f>
                        <f name="def">
                          <sym value="0"/>
                        </f>
                        <f name="gen">
                          <sym value="m"/>
                        </f>
                        <f name="i">
                          <sym varname="A0"/>
                        </f>
                        <f name="npro">
                          <sym value="0"/>
                        </f>
                        <f name="num">
                          <sym value="sg"/>
                        </f>
                        <f name="oclit">
                          <sym value="o_0"/>
                        </f>
                      </fs>
                    </narg>
                  </node>
                  <narg>
                    <fs>
                      <f name="anime">
                        <sym value="a_0"/>
                      </f>
                      <f name="cas">
                        <sym value="gen"/>
                      </f>
                      <f name="cat">
                        <sym value="sn"/>
                      </f>
                      <f name="def">
                        <sym value="0"/>
                      </f>
                      <f name="gen">
                        <sym value="m"/>
                      </f>
                      <f name="hum">
                        <sym value="h_0"/>
                      </f>
                      <f name="i">
                        <sym varname="B0"/>
                      </f>
                      <f name="npro">
                        <sym value="0"/>
                      </f>
                      <f name="num">
                        <sym value="sg"/>
                      </f>
                      <f name="oclit">
                        <sym value="o_1"/>
                      </f>
                      <f name="subcat">
                        <sym value="sn_ann"/>
                      </f>
                    </fs>
                  </narg>
                </node>
                <node type="std">
                  <node type="std">
                    <node type="lex" value="ال">
                      <narg>
                        <fs>
                          <f name="cat">
                            <sym value="ال"/>
                          </f>
                        </fs>
                      </narg>
                    </node>
                    <narg>
                      <fs>
                        <f name="cat">
                          <sym value="proc_def"/>
                        </f>
                        <f name="def">
                          <sym value="0"/>
                        </f>
                        <f name="npro">
                          <sym value="0"/>
                        </f>
                        <f name="oclit">
                          <sym value="o_0"/>
                        </f>
                      </fs>
                    </narg>
                  </node>
                  <node type="std">
                    <node type="lex" value="مُشِين">
                      <narg>
                        <fs>
                          <f name="cat">
                            <sym value="مُشِين"/>
                          </f>
                        </fs>
                      </narg>
                    </node>
                    <narg>
                      <fs>
                        <f name="anime">
                          <sym value="a_0"/>
                        </f>
                        <f name="cas">
                          <sym value="gen"/>
                        </f>
                        <f name="cat">
                          <sym value="sn"/>
                        </f>
                        <f name="def">
                          <sym value="0"/>
                        </f>
                        <f name="gen">
                          <sym value="m"/>
                        </f>
                        <f name="hum">
                          <sym value="h_0"/>
                        </f>
                        <f name="npro">
                          <sym value="0"/>
                        </f>
                        <f name="num">
                          <sym value="sg"/>
                        </f>
                        <f name="oclit">
                          <sym value="o_0"/>
                        </f>
                      </fs>
                    </narg>
                  </node>
                  <narg>
                    <fs>
                      <f name="cat">
                        <sym value="sn"/>
                      </f>
                      <f name="def">
                        <sym value="1"/>
                      </f>
                      <f name="gen">
                        <sym value="m"/>
                      </f>
                      <f name="num">
                        <sym value="sg"/>
                      </f>
                      <f name="subcat">
                        <sym value="sn_def"/>
                      </f>
                    </fs>
                  </narg>
                </node>
                <narg>
                  <fs>
                    <f name="anime">
                      <sym value="a_0"/>
                    </f>
                    <f name="cas">
                      <sym value="gen"/>
                    </f>
                    <f name="cat">
                      <sym value="sn"/>
                    </f>
                    <f name="def">
                      <sym value="0"/>
                    </f>
                    <f name="fg">
                      <sym value="objet2"/>
                    </f>
                    <f name="gen">
                      <sym value="m"/>
                    </f>
                    <f name="hum">
                      <sym value="h_0"/>
                    </f>
                    <f name="i">
                      <sym varname="G0"/>
                    </f>
                    <f name="num">
                      <sym value="sg"/>
                    </f>
                  </fs>
                </narg>
              </node>
              <narg>
                <fs>
                  <f name="cat">
                    <sym value="sp"/>
                  </f>
                  <f name="fg">
                    <sym value="objet2"/>
                  </f>
                  <f name="fgtype">
                    <sym value="indirect"/>
                  </f>
                  <f name="i">
                    <sym varname="G0"/>
                  </f>
                </fs>
              </narg>
            </node>
            <narg>
              <fs>
                <f name="cat">
                  <sym value="advd"/>
                </f>
                <f name="e">
                  <sym varname="I0"/>
                </f>
              </fs>
            </narg>
          </node>
          <narg>
            <fs>
              <f name="cat">
                <sym value="advg"/>
              </f>
              <f name="e">
                <sym varname="I0"/>
              </f>
            </fs>
          </narg>
        </node>
        <narg>
          <fs>
            <f name="aspect">
              <sym value="acco"/>
            </f>
            <f name="cat">
              <sym value="sv"/>
            </f>
            <f name="e">
              <sym varname="I0"/>
            </f>
            <f name="gen">
              <sym value="m"/>
            </f>
            <f name="genA">
              <sym varname="X741908443_7"/>
            </f>
            <f name="mode">
              <sym value="ind"/>
            </f>
            <f name="num">
              <sym value="sg"/>
            </f>
            <f name="numA">
              <sym varname="X741908443_8"/>
            </f>
            <f name="oclit">
              <sym value="o_0"/>
            </f>
            <f name="suj">
              <sym value="s_1"/>
            </f>
            <f name="voix">
              <sym value="act"/>
            </f>
          </fs>
        </narg>
      </node>
    </derivedTree>
    <semantics/>
    <specified_semantics/>
    <frame>
      <fs coref="I0">
        <ctype>
          <type val="activity"/>
          <type val="event"/>
        </ctype>
        <f name="FE3">
          <fs coref="H0">
            <ctype>
              <type val="actor"/>
              <type val="cause"/>
            </ctype>
            <f name="subFrame">
              <fs coref="G0">
                <ctype/>
              </fs>
            </f>
          </fs>
        </f>
        <f name="FE2">
          <fs coref="F0">
            <ctype>
              <type val="patient"/>
              <type val="undergoer"/>
            </ctype>
            <f name="subFrame">
              <fs coref="C0">
                <ctype>
                  <type val="concrete"/>
                  <type val="natural"/>
                  <type val="nonhuman"/>
                  <type val="animate"/>
                  <type val="body_part"/>
                  <type val="selRestr"/>
                </ctype>
                <f name="val">
                  <sym value="يَد"/>
                </f>
                <f name="annexion">
                  <fs coref="J0">
                    <ctype>
                      <type val="concrete"/>
                      <type val="natural"/>
                      <type val="animate"/>
                      <type val="human"/>
                      <type val="selRestr"/>
                    </ctype>
                    <f name="val">
                      <sym value="هِ"/>
                    </f>
                  </fs>
                </f>
              </fs>
            </f>
          </fs>
        </f>
        <f name="FE1">
          <fs coref="E0">
            <ctype>
              <type val="actor"/>
              <type val="agent"/>
            </ctype>
            <f name="subFrame">
              <fs coref="D0">
                <ctype>
                  <type val="concrete"/>
                  <type val="natural"/>
                  <type val="animate"/>
                  <type val="human"/>
                  <type val="selRestr"/>
                </ctype>
                <f name="val">
                  <sym value="مُتَفَرِّج"/>
                </f>
              </fs>
            </f>
          </fs>
        </f>
      </fs>
      <fs coref="B0">
        <ctype>
          <type val="abstract"/>
          <type val="selRestr"/>
        </ctype>
        <f name="val">
          <sym value="سُلُوك"/>
        </f>
        <f name="annexion">
          <fs coref="A0">
            <ctype>
              <type val="concrete"/>
              <type val="natural"/>
              <type val="animate"/>
              <type val="human"/>
              <type val="selRestr"/>
            </ctype>
            <f name="val">
              <sym value="هِ"/>
            </f>
          </fs>
        </f>
      </fs>
      <fs coref="L0">
        <ctype>
          <type val="abstract"/>
          <type val="selRestr"/>
        </ctype>
        <f name="val">
          <sym value="مُشِين"/>
        </f>
        <f name="f">
          <sym varname="X1097982597_4"/>
        </f>
      </fs>
    </frame>
  </parse>
</parses>
