<?xml version="1.0" encoding="UTF-8" standalone="no"?>
<!DOCTYPE parses SYSTEM "tulipa-parses.dtd,xml">
<parses sentence="مَلَابِسُ ال كتَّان تَجِفُّ سَرِيعًا">
  <parse>
    <derivationTree>
      <tree id="IntransitifActif_438--تَجِفُّ4--5">
        <tree id="NomCommun_10--كتَّان3--1" node="1.1.1" op="subst">
          <tree id="SyntagmeAnnex_66--مَلَابِسُ1--0" node="0" op="adj"/>
          <tree id="ProcEnc_0--ال2--0" node="1" op="subst"/>
        </tree>
        <tree id="Adverbe_120--سَرِيعًا5--26" node="1.2" op="adj"/>
      </tree>
    </derivationTree>
    <derivedTree>
      <node type="std">
        <node type="std">
          <node type="std">
            <node type="std">
              <node type="std">
                <node type="lex" value="مَلَابِسُ">
                  <narg>
                    <fs>
                      <f name="cat">
                        <sym value="مَلَابِسُ"/>
                      </f>
                    </fs>
                  </narg>
                </node>
                <narg>
                  <fs>
                    <f name="anime">
                      <sym value="a_0"/>
                    </f>
                    <f name="cas">
                      <sym value="nom"/>
                    </f>
                    <f name="cat">
                      <sym value="sn"/>
                    </f>
                    <f name="def">
                      <sym value="0"/>
                    </f>
                    <f name="gen">
                      <sym value="f"/>
                    </f>
                    <f name="hum">
                      <sym value="h_0"/>
                    </f>
                    <f name="i">
                      <sym varname="A0"/>
                    </f>
                    <f name="npro">
                      <sym value="0"/>
                    </f>
                    <f name="num">
                      <sym value="plr"/>
                    </f>
                    <f name="oclit">
                      <sym value="o_0"/>
                    </f>
                  </fs>
                </narg>
              </node>
              <node type="std">
                <node type="std">
                  <node type="lex" value="ال">
                    <narg>
                      <fs>
                        <f name="cat">
                          <sym value="ال"/>
                        </f>
                      </fs>
                    </narg>
                  </node>
                  <narg>
                    <fs>
                      <f name="cat">
                        <sym value="proc_def"/>
                      </f>
                      <f name="def">
                        <sym value="0"/>
                      </f>
                      <f name="npro">
                        <sym value="0"/>
                      </f>
                      <f name="oclit">
                        <sym value="o_0"/>
                      </f>
                    </fs>
                  </narg>
                </node>
                <node type="std">
                  <node type="lex" value="كتَّان">
                    <narg>
                      <fs>
                        <f name="cat">
                          <sym value="كتَّان"/>
                        </f>
                      </fs>
                    </narg>
                  </node>
                  <narg>
                    <fs>
                      <f name="anime">
                        <sym value="a_0"/>
                      </f>
                      <f name="cas">
                        <sym value="gen"/>
                      </f>
                      <f name="cat">
                        <sym value="sn"/>
                      </f>
                      <f name="def">
                        <sym value="0"/>
                      </f>
                      <f name="gen">
                        <sym value="m"/>
                      </f>
                      <f name="hum">
                        <sym value="h_0"/>
                      </f>
                      <f name="i">
                        <sym varname="B0"/>
                      </f>
                      <f name="npro">
                        <sym value="0"/>
                      </f>
                      <f name="num">
                        <sym value="sg"/>
                      </f>
                      <f name="oclit">
                        <sym value="o_0"/>
                      </f>
                      <f name="subcat">
                        <sym value="sn_com"/>
                      </f>
                    </fs>
                  </narg>
                </node>
                <narg>
                  <fs>
                    <f name="anime">
                      <sym value="a_0"/>
                    </f>
                    <f name="cas">
                      <sym value="gen"/>
                    </f>
                    <f name="cat">
                      <sym value="sn"/>
                    </f>
                    <f name="def">
                      <sym value="1"/>
                    </f>
                    <f name="gen">
                      <sym value="m"/>
                    </f>
                    <f name="hum">
                      <sym value="h_0"/>
                    </f>
                    <f name="i">
                      <sym varname="B0"/>
                    </f>
                    <f name="npro">
                      <sym value="0"/>
                    </f>
                    <f name="num">
                      <sym value="sg"/>
                    </f>
                    <f name="subcat">
                      <sym value="sn_def"/>
                    </f>
                  </fs>
                </narg>
              </node>
              <narg>
                <fs>
                  <f name="anime">
                    <sym value="a_0"/>
                  </f>
                  <f name="cas">
                    <sym value="nom"/>
                  </f>
                  <f name="cat">
                    <sym value="sn"/>
                  </f>
                  <f name="def">
                    <sym value="0"/>
                  </f>
                  <f name="fg">
                    <sym value="sujet"/>
                  </f>
                  <f name="gen">
                    <sym value="f"/>
                  </f>
                  <f name="hum">
                    <sym value="h_0"/>
                  </f>
                  <f name="i">
                    <sym varname="A0"/>
                  </f>
                  <f name="npro">
                    <sym value="0"/>
                  </f>
                  <f name="num">
                    <sym value="plr"/>
                  </f>
                  <f name="subcat">
                    <sym value="sn_ann"/>
                  </f>
                </fs>
              </narg>
            </node>
            <narg>
              <fs>
                <f name="cat">
                  <sym value="advd"/>
                </f>
                <f name="e">
                  <sym varname="G0"/>
                </f>
              </fs>
            </narg>
          </node>
          <node type="std">
            <node type="std">
              <node type="std">
                <node type="lex" value="تَجِفُّ">
                  <narg>
                    <fs>
                      <f name="cat">
                        <sym value="تَجِفُّ"/>
                      </f>
                    </fs>
                  </narg>
                </node>
                <narg>
                  <fs>
                    <f name="aspect">
                      <sym value="inacco"/>
                    </f>
                    <f name="cat">
                      <sym value="v"/>
                    </f>
                    <f name="def">
                      <sym value="0"/>
                    </f>
                    <f name="e">
                      <sym varname="G0"/>
                    </f>
                    <f name="gen">
                      <sym value="f"/>
                    </f>
                    <f name="genA">
                      <sym varname="X194525969_7"/>
                    </f>
                    <f name="mode">
                      <sym value="ind"/>
                    </f>
                    <f name="npro">
                      <sym value="0"/>
                    </f>
                    <f name="num">
                      <sym value="sg"/>
                    </f>
                    <f name="numA">
                      <sym varname="X194525969_8"/>
                    </f>
                    <f name="oclit">
                      <sym value="o_0"/>
                    </f>
                    <f name="pclit">
                      <sym value="p_0"/>
                    </f>
                    <f name="pers">
                      <sym value="5"/>
                    </f>
                    <f name="suj">
                      <sym value="s_1"/>
                    </f>
                    <f name="voix">
                      <sym value="act"/>
                    </f>
                  </fs>
                </narg>
              </node>
              <narg>
                <fs>
                  <f name="cat">
                    <sym value="advd"/>
                  </f>
                  <f name="e">
                    <sym varname="G0"/>
                  </f>
                </fs>
              </narg>
            </node>
            <node type="std">
              <node type="lex" value="سَرِيعًا">
                <narg>
                  <fs>
                    <f name="cat">
                      <sym value="سَرِيعًا"/>
                    </f>
                  </fs>
                </narg>
              </node>
              <narg>
                <fs>
                  <f name="cat">
                    <sym value="adv"/>
                  </f>
                  <f name="def">
                    <sym value="0"/>
                  </f>
                  <f name="npro">
                    <sym value="0"/>
                  </f>
                  <f name="oclit">
                    <sym value="o_0"/>
                  </f>
                </fs>
              </narg>
            </node>
            <narg>
              <fs>
                <f name="cat">
                  <sym value="advd"/>
                </f>
                <f name="e">
                  <sym varname="G0"/>
                </f>
              </fs>
            </narg>
          </node>
          <narg>
            <fs>
              <f name="cat">
                <sym value="advg"/>
              </f>
              <f name="e">
                <sym varname="G0"/>
              </f>
            </fs>
          </narg>
        </node>
        <narg>
          <fs>
            <f name="aspect">
              <sym value="inacco"/>
            </f>
            <f name="cat">
              <sym value="sv"/>
            </f>
            <f name="e">
              <sym varname="G0"/>
            </f>
            <f name="gen">
              <sym value="f"/>
            </f>
            <f name="genA">
              <sym varname="X194525969_7"/>
            </f>
            <f name="mode">
              <sym value="ind"/>
            </f>
            <f name="num">
              <sym value="sg"/>
            </f>
            <f name="numA">
              <sym varname="X194525969_8"/>
            </f>
            <f name="oclit">
              <sym value="o_0"/>
            </f>
            <f name="suj">
              <sym value="s_1"/>
            </f>
            <f name="voix">
              <sym value="act"/>
            </f>
          </fs>
        </narg>
      </node>
    </derivedTree>
    <semantics/>
    <specified_semantics/>
    <frame>
      <fs coref="G0">
        <ctype>
          <type val="change"/>
          <type val="event"/>
        </ctype>
        <f name="FE1">
          <fs coref="D0">
            <ctype>
              <type val="patient"/>
              <type val="undergoer"/>
            </ctype>
            <f name="subFrame">
              <fs coref="A0">
                <ctype>
                  <type val="concrete"/>
                  <type val="selRestr"/>
                </ctype>
                <f name="val">
                  <sym value="مَلبَس"/>
                </f>
                <f name="annexion">
                  <fs coref="B0">
                    <ctype>
                      <type val="concrete"/>
                      <type val="natural"/>
                      <type val="selRestr"/>
                    </ctype>
                    <f name="val">
                      <sym value="كتَّان"/>
                    </f>
                  </fs>
                </f>
              </fs>
            </f>
          </fs>
        </f>
      </fs>
      <fs coref="E0">
        <ctype/>
        <f name="adverbe">
          <sym value="سَرِيعًا"/>
        </f>
      </fs>
    </frame>
  </parse>
</parses>
