<?xml version="1.0" encoding="UTF-8" standalone="no"?>
<!DOCTYPE parses SYSTEM "tulipa-parses.dtd,xml">
<parses sentence="يَنْشَفَطَ هَذَا ال عَصِيرُ بِ سُهُولَة">
  <parse>
    <derivationTree>
      <tree id="IntransitifActif_435--يَنْشَفَطَ1--2">
        <tree id="Adverbe_128--بِ5--34" node="1.2" op="adj">
          <tree id="NomCommun_9--سُهُولَة6--0" node="2.2" op="subst"/>
        </tree>
        <tree id="NomCommun_10--عَصِيرُ4--1" node="1.2.1" op="subst">
          <tree id="NomDem_16--هَذَا2--2" node="0" op="adj"/>
          <tree id="ProcEnc_0--ال3--0" node="1" op="subst"/>
        </tree>
      </tree>
    </derivationTree>
    <derivedTree>
      <node type="std">
        <node type="std">
          <node type="std">
            <node type="std">
              <node type="lex" value="يَنْشَفَطَ">
                <narg>
                  <fs>
                    <f name="cat">
                      <sym value="يَنْشَفَطَ"/>
                    </f>
                  </fs>
                </narg>
              </node>
              <narg>
                <fs>
                  <f name="aspect">
                    <sym value="acco"/>
                  </f>
                  <f name="cat">
                    <sym value="v"/>
                  </f>
                  <f name="def">
                    <sym value="0"/>
                  </f>
                  <f name="e">
                    <sym varname="E0"/>
                  </f>
                  <f name="gen">
                    <sym value="m"/>
                  </f>
                  <f name="genA">
                    <sym varname="X1796687384_7"/>
                  </f>
                  <f name="mode">
                    <sym value="ind"/>
                  </f>
                  <f name="npro">
                    <sym value="0"/>
                  </f>
                  <f name="num">
                    <sym value="sg"/>
                  </f>
                  <f name="numA">
                    <sym varname="X1796687384_8"/>
                  </f>
                  <f name="oclit">
                    <sym value="o_0"/>
                  </f>
                  <f name="pclit">
                    <sym value="p_0"/>
                  </f>
                  <f name="pers">
                    <sym value="4"/>
                  </f>
                  <f name="suj">
                    <sym value="s_1"/>
                  </f>
                  <f name="voix">
                    <sym value="act"/>
                  </f>
                </fs>
              </narg>
            </node>
            <narg>
              <fs>
                <f name="cat">
                  <sym value="advd"/>
                </f>
                <f name="e">
                  <sym varname="E0"/>
                </f>
              </fs>
            </narg>
          </node>
          <node type="std">
            <node type="std">
              <node type="std">
                <node type="std">
                  <node type="lex" value="هَذَا">
                    <narg>
                      <fs>
                        <f name="cat">
                          <sym value="هَذَا"/>
                        </f>
                      </fs>
                    </narg>
                  </node>
                  <narg>
                    <fs>
                      <f name="anime">
                        <sym value="a_0"/>
                      </f>
                      <f name="cat">
                        <sym value="sn"/>
                      </f>
                      <f name="def">
                        <sym value="0"/>
                      </f>
                      <f name="gen">
                        <sym value="m"/>
                      </f>
                      <f name="hum">
                        <sym value="h_0"/>
                      </f>
                      <f name="npro">
                        <sym value="0"/>
                      </f>
                      <f name="num">
                        <sym value="sg"/>
                      </f>
                      <f name="oclit">
                        <sym value="o_0"/>
                      </f>
                      <f name="subcat">
                        <sym value="dem"/>
                      </f>
                    </fs>
                  </narg>
                </node>
                <node type="std">
                  <node type="std">
                    <node type="lex" value="ال">
                      <narg>
                        <fs>
                          <f name="cat">
                            <sym value="ال"/>
                          </f>
                        </fs>
                      </narg>
                    </node>
                    <narg>
                      <fs>
                        <f name="cat">
                          <sym value="proc_def"/>
                        </f>
                        <f name="def">
                          <sym value="0"/>
                        </f>
                        <f name="npro">
                          <sym value="0"/>
                        </f>
                        <f name="oclit">
                          <sym value="o_0"/>
                        </f>
                      </fs>
                    </narg>
                  </node>
                  <node type="std">
                    <node type="lex" value="عَصِيرُ">
                      <narg>
                        <fs>
                          <f name="cat">
                            <sym value="عَصِيرُ"/>
                          </f>
                        </fs>
                      </narg>
                    </node>
                    <narg>
                      <fs>
                        <f name="anime">
                          <sym value="a_0"/>
                        </f>
                        <f name="cas">
                          <sym value="nom"/>
                        </f>
                        <f name="cat">
                          <sym value="sn"/>
                        </f>
                        <f name="def">
                          <sym value="0"/>
                        </f>
                        <f name="gen">
                          <sym value="m"/>
                        </f>
                        <f name="hum">
                          <sym value="h_0"/>
                        </f>
                        <f name="i">
                          <sym varname="B0"/>
                        </f>
                        <f name="npro">
                          <sym value="0"/>
                        </f>
                        <f name="num">
                          <sym value="sg"/>
                        </f>
                        <f name="oclit">
                          <sym value="o_0"/>
                        </f>
                        <f name="subcat">
                          <sym value="sn_com"/>
                        </f>
                      </fs>
                    </narg>
                  </node>
                  <narg>
                    <fs>
                      <f name="anime">
                        <sym value="a_0"/>
                      </f>
                      <f name="cas">
                        <sym value="nom"/>
                      </f>
                      <f name="cat">
                        <sym value="sn"/>
                      </f>
                      <f name="def">
                        <sym value="1"/>
                      </f>
                      <f name="gen">
                        <sym value="m"/>
                      </f>
                      <f name="hum">
                        <sym value="h_0"/>
                      </f>
                      <f name="i">
                        <sym varname="B0"/>
                      </f>
                      <f name="npro">
                        <sym value="0"/>
                      </f>
                      <f name="num">
                        <sym value="sg"/>
                      </f>
                      <f name="subcat">
                        <sym value="sn_def"/>
                      </f>
                    </fs>
                  </narg>
                </node>
                <narg>
                  <fs>
                    <f name="anime">
                      <sym value="a_0"/>
                    </f>
                    <f name="cas">
                      <sym value="nom"/>
                    </f>
                    <f name="cat">
                      <sym value="sn"/>
                    </f>
                    <f name="def">
                      <sym value="1"/>
                    </f>
                    <f name="fg">
                      <sym value="sujet"/>
                    </f>
                    <f name="gen">
                      <sym value="m"/>
                    </f>
                    <f name="hum">
                      <sym value="h_0"/>
                    </f>
                    <f name="i">
                      <sym varname="B0"/>
                    </f>
                    <f name="npro">
                      <sym value="0"/>
                    </f>
                    <f name="num">
                      <sym value="sg"/>
                    </f>
                    <f name="subcat">
                      <sym value="sn_dem"/>
                    </f>
                  </fs>
                </narg>
              </node>
              <narg>
                <fs>
                  <f name="cat">
                    <sym value="advd"/>
                  </f>
                  <f name="e">
                    <sym varname="E0"/>
                  </f>
                </fs>
              </narg>
            </node>
            <node type="std">
              <node type="std">
                <node type="lex" value="بِ">
                  <narg>
                    <fs>
                      <f name="cat">
                        <sym value="بِ"/>
                      </f>
                    </fs>
                  </narg>
                </node>
                <narg>
                  <fs>
                    <f name="cat">
                      <sym value="p"/>
                    </f>
                    <f name="def">
                      <sym value="0"/>
                    </f>
                    <f name="i">
                      <sym varname="C0"/>
                    </f>
                    <f name="npro">
                      <sym value="0"/>
                    </f>
                    <f name="oclit">
                      <sym value="o_0"/>
                    </f>
                  </fs>
                </narg>
              </node>
              <node type="std">
                <node type="lex" value="سُهُولَة">
                  <narg>
                    <fs>
                      <f name="cat">
                        <sym value="سُهُولَة"/>
                      </f>
                    </fs>
                  </narg>
                </node>
                <narg>
                  <fs>
                    <f name="anime">
                      <sym value="a_0"/>
                    </f>
                    <f name="cas">
                      <sym value="gen"/>
                    </f>
                    <f name="cat">
                      <sym value="sn"/>
                    </f>
                    <f name="def">
                      <sym value="0"/>
                    </f>
                    <f name="gen">
                      <sym value="f"/>
                    </f>
                    <f name="hum">
                      <sym value="h_0"/>
                    </f>
                    <f name="i">
                      <sym varname="A0"/>
                    </f>
                    <f name="npro">
                      <sym value="0"/>
                    </f>
                    <f name="num">
                      <sym value="sg"/>
                    </f>
                    <f name="oclit">
                      <sym value="o_0"/>
                    </f>
                    <f name="subcat">
                      <sym value="sn_com"/>
                    </f>
                  </fs>
                </narg>
              </node>
              <narg>
                <fs>
                  <f name="cat">
                    <sym value="sp"/>
                  </f>
                  <f name="i">
                    <sym varname="C0"/>
                  </f>
                </fs>
              </narg>
            </node>
            <narg>
              <fs>
                <f name="cat">
                  <sym value="advd"/>
                </f>
                <f name="e">
                  <sym varname="E0"/>
                </f>
              </fs>
            </narg>
          </node>
          <narg>
            <fs>
              <f name="cat">
                <sym value="advg"/>
              </f>
              <f name="e">
                <sym varname="E0"/>
              </f>
            </fs>
          </narg>
        </node>
        <narg>
          <fs>
            <f name="aspect">
              <sym value="acco"/>
            </f>
            <f name="cat">
              <sym value="sv"/>
            </f>
            <f name="e">
              <sym varname="E0"/>
            </f>
            <f name="gen">
              <sym value="m"/>
            </f>
            <f name="genA">
              <sym varname="X1796687384_7"/>
            </f>
            <f name="mode">
              <sym value="ind"/>
            </f>
            <f name="num">
              <sym value="sg"/>
            </f>
            <f name="numA">
              <sym varname="X1796687384_8"/>
            </f>
            <f name="oclit">
              <sym value="o_0"/>
            </f>
            <f name="suj">
              <sym value="s_1"/>
            </f>
            <f name="voix">
              <sym value="act"/>
            </f>
          </fs>
        </narg>
      </node>
    </derivedTree>
    <semantics/>
    <specified_semantics/>
    <frame>
      <fs coref="E0">
        <ctype>
          <type val="activity"/>
          <type val="event"/>
        </ctype>
        <f name="FE1">
          <fs coref="D0">
            <ctype>
              <type val="patient"/>
              <type val="undergoer"/>
            </ctype>
            <f name="subFrame">
              <fs coref="B0">
                <ctype>
                  <type val="concrete"/>
                  <type val="liquid"/>
                  <type val="nonanimate"/>
                  <type val="phys_obj"/>
                  <type val="comestible"/>
                  <type val="selRestr"/>
                </ctype>
                <f name="val">
                  <sym value="عَصِير"/>
                </f>
              </fs>
            </f>
          </fs>
        </f>
      </fs>
      <fs coref="C0">
        <ctype/>
        <f name="sn">
          <fs coref="A0">
            <ctype>
              <type val="idea"/>
              <type val="abstract"/>
              <type val="selRestr"/>
            </ctype>
            <f name="val">
              <sym value="سُهُولَة"/>
            </f>
          </fs>
        </f>
        <f name="particule">
          <sym value="بِ"/>
        </f>
      </fs>
    </frame>
  </parse>
  <parse>
    <derivationTree>
      <tree id="IntransitifActif_435--يَنْشَفَطَ1--2">
        <tree id="Adverbe_128--بِ5--34" node="1.2" op="adj">
          <tree id="NomCommun_9--سُهُولَة6--0" node="2.2" op="subst"/>
        </tree>
        <tree id="NomCommun_10--عَصِيرُ4--1" node="1.2.1" op="subst">
          <tree id="NomDem_16--هَذَا2--2" node="0" op="adj"/>
          <tree id="ProcEnc_0--ال3--0" node="1" op="subst"/>
        </tree>
      </tree>
    </derivationTree>
    <derivedTree>
      <node type="std">
        <node type="std">
          <node type="std">
            <node type="std">
              <node type="lex" value="يَنْشَفَطَ">
                <narg>
                  <fs>
                    <f name="cat">
                      <sym value="يَنْشَفَطَ"/>
                    </f>
                  </fs>
                </narg>
              </node>
              <narg>
                <fs>
                  <f name="aspect">
                    <sym value="acco"/>
                  </f>
                  <f name="cat">
                    <sym value="v"/>
                  </f>
                  <f name="def">
                    <sym value="0"/>
                  </f>
                  <f name="e">
                    <sym varname="C0"/>
                  </f>
                  <f name="gen">
                    <sym value="m"/>
                  </f>
                  <f name="genA">
                    <sym varname="X1189012661_7"/>
                  </f>
                  <f name="mode">
                    <sym value="ind"/>
                  </f>
                  <f name="npro">
                    <sym value="0"/>
                  </f>
                  <f name="num">
                    <sym value="sg"/>
                  </f>
                  <f name="numA">
                    <sym varname="X1189012661_8"/>
                  </f>
                  <f name="oclit">
                    <sym value="o_0"/>
                  </f>
                  <f name="pclit">
                    <sym value="p_0"/>
                  </f>
                  <f name="pers">
                    <sym value="4"/>
                  </f>
                  <f name="suj">
                    <sym value="s_1"/>
                  </f>
                  <f name="voix">
                    <sym value="act"/>
                  </f>
                </fs>
              </narg>
            </node>
            <narg>
              <fs>
                <f name="cat">
                  <sym value="advd"/>
                </f>
                <f name="e">
                  <sym varname="C0"/>
                </f>
              </fs>
            </narg>
          </node>
          <node type="std">
            <node type="std">
              <node type="std">
                <node type="std">
                  <node type="lex" value="هَذَا">
                    <narg>
                      <fs>
                        <f name="cat">
                          <sym value="هَذَا"/>
                        </f>
                      </fs>
                    </narg>
                  </node>
                  <narg>
                    <fs>
                      <f name="anime">
                        <sym value="a_0"/>
                      </f>
                      <f name="cat">
                        <sym value="sn"/>
                      </f>
                      <f name="def">
                        <sym value="0"/>
                      </f>
                      <f name="gen">
                        <sym value="m"/>
                      </f>
                      <f name="hum">
                        <sym value="h_0"/>
                      </f>
                      <f name="npro">
                        <sym value="0"/>
                      </f>
                      <f name="num">
                        <sym value="sg"/>
                      </f>
                      <f name="oclit">
                        <sym value="o_0"/>
                      </f>
                      <f name="subcat">
                        <sym value="dem"/>
                      </f>
                    </fs>
                  </narg>
                </node>
                <node type="std">
                  <node type="std">
                    <node type="lex" value="ال">
                      <narg>
                        <fs>
                          <f name="cat">
                            <sym value="ال"/>
                          </f>
                        </fs>
                      </narg>
                    </node>
                    <narg>
                      <fs>
                        <f name="cat">
                          <sym value="proc_def"/>
                        </f>
                        <f name="def">
                          <sym value="0"/>
                        </f>
                        <f name="npro">
                          <sym value="0"/>
                        </f>
                        <f name="oclit">
                          <sym value="o_0"/>
                        </f>
                      </fs>
                    </narg>
                  </node>
                  <node type="std">
                    <node type="lex" value="عَصِيرُ">
                      <narg>
                        <fs>
                          <f name="cat">
                            <sym value="عَصِيرُ"/>
                          </f>
                        </fs>
                      </narg>
                    </node>
                    <narg>
                      <fs>
                        <f name="anime">
                          <sym value="a_0"/>
                        </f>
                        <f name="cas">
                          <sym value="nom"/>
                        </f>
                        <f name="cat">
                          <sym value="sn"/>
                        </f>
                        <f name="def">
                          <sym value="0"/>
                        </f>
                        <f name="gen">
                          <sym value="m"/>
                        </f>
                        <f name="hum">
                          <sym value="h_0"/>
                        </f>
                        <f name="i">
                          <sym varname="E0"/>
                        </f>
                        <f name="npro">
                          <sym value="0"/>
                        </f>
                        <f name="num">
                          <sym value="sg"/>
                        </f>
                        <f name="oclit">
                          <sym value="o_0"/>
                        </f>
                        <f name="subcat">
                          <sym value="sn_com"/>
                        </f>
                      </fs>
                    </narg>
                  </node>
                  <narg>
                    <fs>
                      <f name="anime">
                        <sym value="a_0"/>
                      </f>
                      <f name="cas">
                        <sym value="nom"/>
                      </f>
                      <f name="cat">
                        <sym value="sn"/>
                      </f>
                      <f name="def">
                        <sym value="1"/>
                      </f>
                      <f name="gen">
                        <sym value="m"/>
                      </f>
                      <f name="hum">
                        <sym value="h_0"/>
                      </f>
                      <f name="i">
                        <sym varname="E0"/>
                      </f>
                      <f name="npro">
                        <sym value="0"/>
                      </f>
                      <f name="num">
                        <sym value="sg"/>
                      </f>
                      <f name="subcat">
                        <sym value="sn_def"/>
                      </f>
                    </fs>
                  </narg>
                </node>
                <narg>
                  <fs>
                    <f name="anime">
                      <sym value="a_0"/>
                    </f>
                    <f name="cas">
                      <sym value="nom"/>
                    </f>
                    <f name="cat">
                      <sym value="sn"/>
                    </f>
                    <f name="def">
                      <sym value="1"/>
                    </f>
                    <f name="fg">
                      <sym value="sujet"/>
                    </f>
                    <f name="gen">
                      <sym value="m"/>
                    </f>
                    <f name="hum">
                      <sym value="h_0"/>
                    </f>
                    <f name="i">
                      <sym varname="E0"/>
                    </f>
                    <f name="npro">
                      <sym value="0"/>
                    </f>
                    <f name="num">
                      <sym value="sg"/>
                    </f>
                    <f name="subcat">
                      <sym value="sn_dem"/>
                    </f>
                  </fs>
                </narg>
              </node>
              <narg>
                <fs>
                  <f name="cat">
                    <sym value="advd"/>
                  </f>
                  <f name="e">
                    <sym varname="C0"/>
                  </f>
                </fs>
              </narg>
            </node>
            <node type="std">
              <node type="std">
                <node type="lex" value="بِ">
                  <narg>
                    <fs>
                      <f name="cat">
                        <sym value="بِ"/>
                      </f>
                    </fs>
                  </narg>
                </node>
                <narg>
                  <fs>
                    <f name="cat">
                      <sym value="p"/>
                    </f>
                    <f name="def">
                      <sym value="0"/>
                    </f>
                    <f name="i">
                      <sym varname="B0"/>
                    </f>
                    <f name="npro">
                      <sym value="0"/>
                    </f>
                    <f name="oclit">
                      <sym value="o_0"/>
                    </f>
                  </fs>
                </narg>
              </node>
              <node type="std">
                <node type="lex" value="سُهُولَة">
                  <narg>
                    <fs>
                      <f name="cat">
                        <sym value="سُهُولَة"/>
                      </f>
                    </fs>
                  </narg>
                </node>
                <narg>
                  <fs>
                    <f name="anime">
                      <sym value="a_0"/>
                    </f>
                    <f name="cas">
                      <sym value="gen"/>
                    </f>
                    <f name="cat">
                      <sym value="sn"/>
                    </f>
                    <f name="def">
                      <sym value="0"/>
                    </f>
                    <f name="gen">
                      <sym value="f"/>
                    </f>
                    <f name="hum">
                      <sym value="h_0"/>
                    </f>
                    <f name="i">
                      <sym varname="A0"/>
                    </f>
                    <f name="npro">
                      <sym value="0"/>
                    </f>
                    <f name="num">
                      <sym value="sg"/>
                    </f>
                    <f name="oclit">
                      <sym value="o_0"/>
                    </f>
                    <f name="subcat">
                      <sym value="sn_com"/>
                    </f>
                  </fs>
                </narg>
              </node>
              <narg>
                <fs>
                  <f name="cat">
                    <sym value="sp"/>
                  </f>
                  <f name="i">
                    <sym varname="B0"/>
                  </f>
                </fs>
              </narg>
            </node>
            <narg>
              <fs>
                <f name="cat">
                  <sym value="advd"/>
                </f>
                <f name="e">
                  <sym varname="C0"/>
                </f>
              </fs>
            </narg>
          </node>
          <narg>
            <fs>
              <f name="cat">
                <sym value="advg"/>
              </f>
              <f name="e">
                <sym varname="C0"/>
              </f>
            </fs>
          </narg>
        </node>
        <narg>
          <fs>
            <f name="aspect">
              <sym value="acco"/>
            </f>
            <f name="cat">
              <sym value="sv"/>
            </f>
            <f name="e">
              <sym varname="C0"/>
            </f>
            <f name="gen">
              <sym value="m"/>
            </f>
            <f name="genA">
              <sym varname="X1189012661_7"/>
            </f>
            <f name="mode">
              <sym value="ind"/>
            </f>
            <f name="num">
              <sym value="sg"/>
            </f>
            <f name="numA">
              <sym varname="X1189012661_8"/>
            </f>
            <f name="oclit">
              <sym value="o_0"/>
            </f>
            <f name="suj">
              <sym value="s_1"/>
            </f>
            <f name="voix">
              <sym value="act"/>
            </f>
          </fs>
        </narg>
      </node>
    </derivedTree>
    <semantics/>
    <specified_semantics/>
    <frame>
      <fs coref="C0">
        <ctype>
          <type val="activity"/>
          <type val="event"/>
        </ctype>
        <f name="FE1">
          <fs coref="F0">
            <ctype>
              <type val="topic"/>
              <type val="theme"/>
              <type val="undergoer"/>
            </ctype>
            <f name="subFrame">
              <fs coref="E0">
                <ctype>
                  <type val="concrete"/>
                  <type val="liquid"/>
                  <type val="nonanimate"/>
                  <type val="phys_obj"/>
                  <type val="comestible"/>
                  <type val="selRestr"/>
                </ctype>
                <f name="val">
                  <sym value="عَصِير"/>
                </f>
              </fs>
            </f>
          </fs>
        </f>
      </fs>
      <fs coref="B0">
        <ctype/>
        <f name="sn">
          <fs coref="A0">
            <ctype>
              <type val="idea"/>
              <type val="abstract"/>
              <type val="selRestr"/>
            </ctype>
            <f name="val">
              <sym value="سُهُولَة"/>
            </f>
          </fs>
        </f>
        <f name="particule">
          <sym value="بِ"/>
        </f>
      </fs>
    </frame>
  </parse>
</parses>
